start_idx,end_idx,cluster_id,start_month,dist_to_centroid_pca_0,dist_to_centroid_pca_1,dist_to_centroid_pca_2,dist_to_centroid_pca_3
0,11,0,1982-01-01,1.3294693676950744,5.765592794205011,3.9485064202796614,4.658239608622268
1,12,0,1982-02-01,1.7770187244889444,5.829795842074049,4.900968270032777,3.685601951280588
2,13,3,1982-03-01,3.3026184699735692,5.036679508098667,5.451426017358469,2.545198924546525
3,14,3,1982-04-01,4.703645052420929,3.762960473611976,5.484187762542881,2.7592419941123345
4,15,1,1982-05-01,5.532439474306514,2.1319552772728794,4.984860095121133,3.8056608936513485
5,16,1,1982-06-01,5.577840781078654,1.546419336850681,4.247552150092241,4.8265201992217035
6,17,1,1982-07-01,5.3476367079723115,2.5401538264137358,3.1887518476985734,5.417904744550096
7,18,2,1982-08-01,4.803445785620474,4.0398424231096675,2.0729898684863244,5.578468185809655
8,19,2,1982-09-01,4.219598466929356,4.947000304482499,1.6787984154307238,5.439564020373442
9,20,2,1982-10-01,2.9278242498530282,5.563232934277215,2.7693026367440687,5.1723572125303
10,21,0,1982-11-01,1.9052275254222846,5.6175776892868425,4.047842141439862,4.706129464889426
11,22,0,1982-12-01,1.5073324262060699,5.487814124269896,5.033890451914242,3.956387810057643
12,23,0,1983-01-01,2.7417976919099023,5.267010567745378,5.467647402537465,3.0340588723047612
13,24,3,1983-02-01,3.8487888922903117,5.0463654260715165,5.577029797123366,2.25869956446619
14,25,3,1983-03-01,4.341206286542156,4.823553964124225,5.572082517264525,1.7808331526973213
15,26,3,1983-04-01,4.628194783223186,4.413403479285547,5.63650578172273,1.3407570076447601
16,27,3,1983-05-01,4.997929784794437,3.724952907671816,5.85969225254686,1.490348361649456
17,28,1,1983-06-01,5.423508156084588,2.5170961047159532,5.626060104587022,2.629364748705714
18,29,1,1983-07-01,5.772087909934487,1.3542752097096376,5.026404052028575,3.702231914122005
19,30,1,1983-08-01,5.861234631683846,1.6982274914408022,3.9057565709787267,4.5498488236756325
20,31,2,1983-09-01,5.609520381197702,3.004571710993815,2.51690823433965,5.273867619005367
21,32,2,1983-10-01,4.876416768711687,4.2055328736876305,1.3648581676429445,5.667969011249042
22,33,2,1983-11-01,3.6520547699269525,4.941945263540987,1.8106537665914044,5.731933949820637
23,34,0,1983-12-01,2.2274135086725293,5.40882203505109,3.127035641308483,5.430458862980796
24,35,0,1984-01-01,1.1336196490725479,5.647616740074959,4.110573793335549,4.818299663885742
25,36,0,1984-02-01,1.3783436970802763,5.4549517848095554,4.774155463695874,3.559964619831796
26,37,3,1984-03-01,3.285184233240179,4.875849821344067,5.394098404626096,1.8928006380934301
27,38,3,1984-04-01,4.514801348436999,3.7781132938170257,5.536265466500556,1.385207738943592
28,39,1,1984-05-01,5.115786159022642,2.4516964687831795,5.277287197175965,2.7472147724742504
29,40,1,1984-06-01,5.531476130200711,1.1043189084223584,4.547143115545674,3.9851364918552576
30,41,1,1984-07-01,5.635735007560427,1.5992872454808735,3.7105862974475623,4.875737959817388
31,42,2,1984-08-01,5.142978482593117,2.879771737935993,2.505906221419712,5.416536799220064
32,43,2,1984-09-01,4.398674064503866,3.7091663731516564,0.8789883809829623,5.47959759561905
33,44,2,1984-10-01,3.743770710116905,4.7986645746344605,1.5077502360314015,5.582366931741131
34,45,0,1984-11-01,1.9902551814170242,5.51754573404968,2.7973972882105937,5.12706906730584
35,46,0,1984-12-01,0.9559317964724039,5.7488987416996435,4.037132632591458,4.369358929917962
36,47,0,1985-01-01,1.4992455366670443,5.62300545034493,4.957236059024307,3.329268612375177
37,48,3,1985-02-01,2.629041327485506,5.289482640253627,5.4651917291181284,2.4537323363669956
38,49,3,1985-03-01,3.8020337131967,4.667097387242894,5.7522256953022675,1.0909458681879525
39,50,3,1985-04-01,4.524316650674829,3.9548729880339484,5.6639909497611205,0.8184007418718034
40,51,3,1985-05-01,5.194495821276899,2.8723522860438724,5.354464610810076,1.929984942276704
41,52,1,1985-06-01,5.544946915512269,1.4923543602675353,4.737298011934792,3.298349370612779
42,53,1,1985-07-01,5.579353194747204,0.7791424532180211,3.9506469930970924,4.434123047823174
43,54,1,1985-08-01,5.543729751726361,1.8771380541109346,2.8828639264532603,5.238215181809041
44,55,2,1985-09-01,5.015984472657296,3.053391436290365,1.769942510962174,5.642879357312291
45,56,2,1985-10-01,4.0515387071816935,4.25066988392795,0.800004448261487,5.772310569307621
46,57,2,1985-11-01,2.9660852499243795,5.094490492944254,1.6741859432038513,5.54436367558887
47,58,0,1985-12-01,1.6359447896528212,5.606363838261524,3.042849116340142,4.968490317697509
48,59,0,1986-01-01,0.77492211017997,5.729884926913985,4.196489523672737,4.077793242899309
49,60,0,1986-02-01,1.6920949567113113,5.538657614961797,5.0788477264119924,3.024272604574915
50,61,3,1986-03-01,2.9297312891347858,5.081245031708292,5.6816543284398975,1.8958387919167254
51,62,3,1986-04-01,4.569395809408649,4.031113009648379,5.862878582828523,1.1739199881277755
52,63,3,1986-05-01,5.375768686168255,2.6890107242553642,5.51894364946984,2.2742445541271943
53,64,1,1986-06-01,5.710689470024841,1.8009390267264624,5.026431421248705,3.6348443567261404
54,65,1,1986-07-01,5.736210506726679,1.0283187168861037,3.8789565411461533,4.509061061646011
55,66,1,1986-08-01,5.532857393391294,2.2546479455383364,2.745348554873316,5.281597975038778
56,67,2,1986-09-01,4.779093278452173,3.8448391943520197,1.676066715171108,5.824363163599789
57,68,2,1986-10-01,4.024401482315963,4.5938684167401584,0.8858375208170473,5.790440585161591
58,69,2,1986-11-01,3.3095519678630643,5.1134022284437055,2.190882648728749,5.620226506141035
59,70,0,1986-12-01,2.237122164392727,5.357818395865638,3.2590970492172464,5.200197243248805
60,71,0,1987-01-01,1.598250478548113,5.598685206305911,4.382260516866357,4.642739850832744
61,72,0,1987-02-01,1.690270360969403,5.374624180410862,4.946066921871805,3.3300143765328616
62,73,3,1987-03-01,3.5034672563333302,5.071072170406389,5.577882319240225,2.2446942442726563
63,74,3,1987-04-01,4.252709106305594,4.360222437574921,5.642086032934589,1.191177908652011
64,75,3,1987-05-01,4.979025561958914,3.465931318513983,5.559212054992845,2.0000812157769596
65,76,1,1987-06-01,5.692601006265459,2.2369037572145105,5.083019379906097,3.514419013717811
66,77,1,1987-07-01,5.588320335705986,0.9597599379251437,4.302854142510203,4.393944368783972
67,78,1,1987-08-01,5.328487817712549,2.7935590256481047,3.4742095338142756,5.206710866599995
68,79,2,1987-09-01,4.814429483390652,4.116414129856519,2.4191773427547107,5.345515727073611
69,80,2,1987-10-01,4.102157308202079,5.16705988360542,2.383196080151472,5.25894287525377
70,81,0,1987-11-01,2.8641213051476657,5.634123316616871,3.212990460387361,4.837523094889836
71,82,0,1987-12-01,1.551764833992564,5.738563738866803,4.4946102788765145,4.2410572787121605
72,83,0,1988-01-01,2.148259249675977,5.505674369927244,5.318873029773814,3.4711131640578006
73,84,3,1988-02-01,3.3123056663697947,5.110049789128132,5.753524345919918,2.519097178773901
74,85,3,1988-03-01,4.2653746074471535,4.627303789564612,5.811068497142985,1.5492613594624889
75,86,3,1988-04-01,4.809999026846812,4.244523892991073,5.630918589797764,1.7833790027711824
76,87,3,1988-05-01,5.186910588653292,3.599718591816571,5.406053999162286,2.3384626990231396
77,88,1,1988-06-01,5.447369062141532,2.7445144261973855,5.260354727683147,2.9491717956362598
78,89,1,1988-07-01,5.549103595971543,1.4137443189788956,4.640635873935505,3.6627151237750413
79,90,1,1988-08-01,5.65180491155768,1.7147427430616493,3.7643581960233448,4.654755942119158
80,91,2,1988-09-01,5.29671085844779,2.5211199010157634,2.4444225192756734,5.304221266529587
81,92,2,1988-10-01,4.5811261014500975,3.8532912816339557,1.4916360760719014,5.6967583281042895
82,93,2,1988-11-01,3.416534616883089,5.010743527833375,1.7951651756799232,5.70881108843992
83,94,0,1988-12-01,2.470725642638494,5.551486194578011,2.627713993764392,5.253960961013972
84,95,0,1989-01-01,1.3791174594173492,5.836035694325727,3.860105438343912,4.610205604981536
85,96,0,1989-02-01,1.3292594647507279,5.765692435703557,4.957648966674825,3.751522154274747
86,97,3,1989-03-01,3.179175727351788,4.71738482833065,5.331786484680046,2.496245136136925
87,98,3,1989-04-01,5.055134391303856,3.395379462075112,5.380148361616767,3.009561217352511
88,99,1,1989-05-01,5.578129438199645,2.120072764987411,4.791094873911603,4.091889028837167
89,100,1,1989-06-01,5.6185464451962295,1.4353237873850004,3.9028804475366448,4.956678794883403
90,101,1,1989-07-01,5.45581842754395,2.391078345389124,2.945636027795351,5.624113519787028
91,102,2,1989-08-01,4.786901471424752,3.817710309019715,1.8026442580220465,5.903321535604376
92,103,2,1989-09-01,4.154260876177116,4.677165840993721,1.0214422081591912,5.770905945634906
93,104,2,1989-10-01,3.1516166656304185,5.402504598718244,2.022542970169702,5.559501420387416
94,105,0,1989-11-01,1.975364116737363,5.670343349451528,3.4265781046529584,5.092642953020314
95,106,0,1989-12-01,1.2329351510555475,5.606607060181728,4.559105188121646,4.379668731946973
96,107,0,1990-01-01,1.9876230702601234,5.3854071524428155,5.293807132351459,3.3968003163692364
97,108,3,1990-02-01,3.5019554737302956,4.9752433399549485,5.717090503227485,2.012883263411417
98,109,3,1990-03-01,4.457310647173678,4.464825829871327,5.730341319441613,1.2151624221808994
99,110,3,1990-04-01,5.145536956789059,3.6797890787266923,5.577929828575653,1.530750614560516
100,111,3,1990-05-01,5.392799265304612,2.630852707935905,5.254892063781109,2.5375140240199654
101,112,1,1990-06-01,5.49302145210758,1.534659005442522,4.8080787643386325,3.6703950532579377
102,113,1,1990-07-01,5.5558851652336445,1.3003933012820716,3.866132235457703,4.520674534557517
103,114,1,1990-08-01,5.602985355615626,2.3234621796886623,2.9270923835246405,5.195976533718663
104,115,2,1990-09-01,5.065221729496947,3.475233116160994,2.0275988137511125,5.729548640906193
105,116,2,1990-10-01,4.265139140220736,4.393716137171855,1.485899523015485,5.975429397039798
106,117,2,1990-11-01,3.1146798228473913,5.184763712539115,2.255508089962124,5.797715230780022
107,118,0,1990-12-01,1.6258592003641692,5.748245256077035,3.512594343968297,4.980896089559188
108,119,0,1991-01-01,1.7998677439610844,5.95989267287352,4.562750371340981,4.003104142172509
109,120,0,1991-02-01,2.5425653452303267,5.716301095748333,5.257652694982224,2.725720597250827
110,121,3,1991-03-01,3.810807775911532,5.0364245175229785,5.830869502114925,1.7966733508029633
111,122,3,1991-04-01,4.688869009070141,3.8259868727575297,5.939106694971258,1.9462594840186629
112,123,1,1991-05-01,5.423522534298985,2.352391348009894,5.585368221502285,3.0844866849933115
113,124,1,1991-06-01,5.8454290388517505,1.2388020834081162,4.781682466840128,4.152317325649238
114,125,1,1991-07-01,5.81313160447711,2.0235653146581796,3.609146124347551,4.9390264383319415
115,126,2,1991-08-01,5.26876996183782,3.6143321796500234,2.181897787097073,5.420423982098536
116,127,2,1991-09-01,4.440318414974088,4.687790475678512,1.3147966992588718,5.566833600616857
117,128,2,1991-10-01,3.3190776456998416,5.349838291532417,2.4181561634435735,5.48981828855795
118,129,0,1991-11-01,1.8973163840683114,5.570318652446413,3.7530845192833664,5.080132659345193
119,130,0,1991-12-01,1.3101798545873353,5.576945944781851,4.746683159339701,4.317371483040592
120,131,0,1992-01-01,2.502875607165633,5.485060146085619,5.339865003104098,3.28641924571466
121,132,3,1992-02-01,3.672358835185893,5.205655251948912,5.601930409863542,2.1299372095547895
122,133,3,1992-03-01,4.436461961209328,4.732484131283806,5.699978280320557,1.265168223821211
123,134,3,1992-04-01,4.763614761487102,4.1173529345110005,5.742910217907033,1.3892579379270529
124,135,3,1992-05-01,5.208180163451592,3.0233236244670376,5.67465476384444,2.2958471795088014
125,136,1,1992-06-01,5.661359635830786,1.6247124082761497,5.140625255611004,3.5208354593713067
126,137,1,1992-07-01,5.847194464336135,1.2675297034487991,4.232738028370545,4.522894236661267
127,138,1,1992-08-01,5.747404193149159,2.240534170451343,3.0372958822583125,5.303150184766571
128,139,2,1992-09-01,5.16793381498263,3.159666869293416,1.6595247940480584,5.667779202183926
129,140,2,1992-10-01,4.496133634588603,4.210813611592315,1.2845949966365604,5.971921217849312
130,141,2,1992-11-01,3.3046542471967513,5.02232004736252,2.02204683690319,5.871206011287331
131,142,0,1992-12-01,2.159304596260218,5.5249644031986485,2.9225071288716986,5.464397678045004
132,143,0,1993-01-01,1.0680085936082866,5.899201968981547,3.8738468074296173,4.805762576780763
133,144,0,1993-02-01,1.4658170042027387,5.889458967062939,4.9029964101217915,3.7037202220073
134,145,3,1993-03-01,2.7264528877288736,5.462439183590745,5.666986720530937,2.422872076799735
135,146,3,1993-04-01,3.9231755171909803,4.683853060871286,5.996735086755573,1.4046715606304603
136,147,3,1993-05-01,4.949761256353575,3.4438417235937973,5.863638258064886,1.6242867868319066
137,148,1,1993-06-01,5.572232387859352,2.163781367347034,5.39777202907879,2.70363852670057
138,149,1,1993-07-01,5.88438674658406,1.3631194000530844,4.647595661105513,3.848374414776484
139,150,1,1993-08-01,5.91042167685615,1.6902383223358415,3.490122476862991,4.834054477508326
140,151,2,1993-09-01,5.388520079278467,2.8532770648520454,2.089232091924486,5.646781570096721
141,152,2,1993-10-01,4.6875908902579075,3.9071364398826445,1.314204115126419,5.912073080259645
142,153,2,1993-11-01,3.747671757363627,4.727891961733016,1.6394549762256023,5.903049384625896
143,154,0,1993-12-01,2.3924367017612593,5.445099334784458,2.7217781926336873,5.521777622161828
144,155,0,1994-01-01,1.4132028806571577,5.826146959166625,3.7090889632484485,4.818038325155473
145,156,0,1994-02-01,1.4727134306582825,5.877827246289924,4.732714631023076,3.7349696004131143
146,157,0,1994-03-01,2.471376561104682,5.612203270075731,5.449372873051498,2.5828174819742187
147,158,3,1994-04-01,3.9079826087208622,4.723881114674519,5.859218767114392,1.078287724436346
148,159,3,1994-05-01,4.7998035879247825,3.5573878363581564,5.8971829243641105,1.5838514750454173
149,160,1,1994-06-01,5.514262401702164,2.071665107526138,5.447575443851123,2.8977427431100287
150,161,1,1994-07-01,5.871361144447276,0.868365629398687,4.555763168852351,4.11184996719941
151,162,1,1994-08-01,5.710777392856612,1.765902778031418,3.388610152566346,5.040151600012904
152,163,2,1994-09-01,5.114312791917121,3.3992681661874946,2.0439263092258706,5.566633109474597
153,164,2,1994-10-01,4.276177431174443,4.374913155881518,0.9901323644578541,5.589821898882364
154,165,2,1994-11-01,3.203361529857706,5.161640265755499,2.0406664810537065,5.42954403981202
155,166,0,1994-12-01,1.992591819265607,5.5267021177702365,3.234720791661696,5.038857536254585
156,167,0,1995-01-01,1.228861268377579,5.689800134205214,4.4986081140433845,4.406779725571323
157,168,0,1995-02-01,2.1346721345753767,5.590545648164167,5.236965625442838,3.407082419386422
158,169,3,1995-03-01,3.4658702584505487,5.256816890508188,5.648827535066689,2.044535500575745
159,170,3,1995-04-01,4.542847055758197,4.518253535731349,5.788640456775743,1.21577828479915
160,171,3,1995-05-01,5.162756075693111,3.409102522628373,5.625313603490409,2.078037931866427
161,172,1,1995-06-01,5.54228823107287,2.0278524022686857,5.210731056785428,3.375318334419527
162,173,1,1995-07-01,5.648706196265837,1.0502528682816867,4.534445188126411,4.383785568608652
163,174,1,1995-08-01,5.666422606887755,2.057305753730405,3.3987785323141684,5.071795962566982
164,175,2,1995-09-01,5.31497453923713,3.4713990697469748,1.9784612820956393,5.537919520783334
165,176,2,1995-10-01,4.3294883814980984,4.6545767340960875,0.9788910193244692,5.749344020760584
166,177,2,1995-11-01,3.0394282985486574,5.413317104387561,2.2542339891383163,5.58520303218574
167,178,0,1995-12-01,1.7879514752736771,5.669829481836053,3.599523815076311,5.071310497686662
168,179,0,1996-01-01,1.0670502024349124,5.697838565990694,4.667962335533594,4.303935387684533
169,180,0,1996-02-01,2.06474854071427,5.291809845099398,5.346529600728738,2.9291792298239927
170,181,3,1996-03-01,3.988236860216444,4.651492045610499,5.883286598477795,1.415836546368281
171,182,3,1996-04-01,5.059511003010557,3.616071990989148,5.75666057241989,1.6561166705805546
172,183,1,1996-05-01,5.668219217970452,2.3467336010765636,5.245805678406117,2.994330963474206
173,184,1,1996-06-01,5.697035204592843,1.2230981314692673,4.300521631786589,4.204269684834792
174,185,1,1996-07-01,5.6346828456540585,1.7733901955320437,3.5176564084266397,5.1143825070712285
175,186,2,1996-08-01,5.241154642398285,2.845557585480311,2.6092004406732277,5.695646457438358
176,187,2,1996-09-01,4.8250671099585904,3.635034099201528,1.4164187887787456,5.933096463848575
177,188,2,1996-10-01,4.178509557140593,4.462929794423679,1.1414345827682837,5.974130145688855
178,189,2,1996-11-01,3.2072191139189257,5.161829677098263,1.9768245852525868,5.804265015827376
179,190,0,1996-12-01,2.0174657237714455,5.6473745901351355,3.168859911129242,5.3655492873693875
180,191,0,1997-01-01,0.8114838876206047,5.8936596387250795,4.176562717836292,4.625895237162277
181,192,0,1997-02-01,1.7937572544798122,5.723505945456488,5.124388923821171,3.464387548348935
182,193,3,1997-03-01,3.6602324079660513,4.8507610728034525,5.715796504394606,2.2264228666245844
183,194,3,1997-04-01,4.895647642750298,3.3612935913320463,5.592073325367037,2.5480457746822114
184,195,1,1997-05-01,5.683641797542848,1.7350301084345785,5.137668905943066,3.73512010702626
185,196,1,1997-06-01,5.7604048606805325,1.1453402335489213,4.249190216200581,4.734078319275161
186,197,1,1997-07-01,5.435618697360671,2.7081786165046147,3.0417077132923596,5.358123797820791
187,198,2,1997-08-01,4.768591305728424,4.304283437645578,1.9674515813666091,5.504509234056092
188,199,2,1997-09-01,3.5828770653887223,5.460345282064413,2.460464823589048,5.249379322635981
189,200,0,1997-10-01,2.296557248803799,5.9678569252948455,3.656025997224523,4.704712521403789
190,201,0,1997-11-01,1.750181395437844,5.85194860336479,4.834859095704631,3.877653206064337
191,202,0,1997-12-01,2.517821261091989,5.364653233838886,5.693507343199102,3.0028145154423487
192,203,3,1998-01-01,3.525506282979215,4.797797073214027,5.84500196857897,2.48598971933671
193,204,3,1998-02-01,4.287882486392671,4.541759855434651,5.692971973548811,2.3449115285654893
194,205,3,1998-03-01,4.788849567409321,4.387093413339559,5.522845744273048,2.048208901383321
195,206,3,1998-04-01,4.9179072072030126,4.281739502763253,5.404371365642105,1.8159542353381237
196,207,3,1998-05-01,5.239926427258055,3.6227268966121544,5.292001717017271,2.3376658557525105
197,208,1,1998-06-01,5.2643577356534905,2.5714977478564864,5.210555935770104,3.135581568182403
198,209,1,1998-07-01,5.336509723563061,1.365122230420043,4.684965969425725,4.05122578136445
199,210,1,1998-08-01,5.358210025327274,2.091864907076766,3.817930549784854,4.740385914906157
200,211,2,1998-09-01,5.211568770097541,3.3184735262614096,2.572884600649864,5.095550770600421
201,212,2,1998-10-01,4.674715715340758,4.257753899879531,1.5825508104274046,5.265618793054592
202,213,2,1998-11-01,3.107905404604329,5.0033145063186435,1.9764034832375024,5.140794394369627
203,214,0,1998-12-01,1.3829000253171613,5.568430770889311,3.6092858381607122,4.864025498813143
204,215,0,1999-01-01,0.841338898546896,5.543648000612725,4.610786288962273,4.015806726394362
205,216,0,1999-02-01,2.2214271511077612,5.361634315301965,5.245587970717468,2.979165558626659
206,217,3,1999-03-01,3.4009084678296846,5.137169451908685,5.598347267157346,2.0066555657021694
207,218,3,1999-04-01,4.546469316941674,4.4830226683434615,5.6971923426300455,1.1372116825634024
208,219,3,1999-05-01,5.026899796339522,3.7146940664341144,5.751159663695479,1.4210722907964197
209,220,1,1999-06-01,5.542976478182198,2.2211428517387954,5.211163984729988,3.0772478774859247
210,221,1,1999-07-01,5.506858599602064,0.9897148814648749,4.527830107034784,4.148647468610679
211,222,1,1999-08-01,5.474808437237767,1.464770807036993,3.428024457132995,4.883600438367065
212,223,2,1999-09-01,5.165549031616124,2.987124641564652,2.0672507799076865,5.370787184884581
213,224,2,1999-10-01,4.498889137623562,4.113892055484501,0.920441217451427,5.5305776056457585
214,225,2,1999-11-01,3.7884220611255204,4.7671110518214865,1.5756457505466475,5.544416381227371
215,226,0,1999-12-01,2.4336359904858633,5.216523092027818,2.8679594491448244,5.351229166192961
216,227,0,2000-01-01,1.2692771504395732,5.397616172711168,3.9342944121587164,4.801262414931661
217,228,0,2000-02-01,1.5491789016608024,5.463063794506869,4.711006137475177,3.8357260832878723
218,229,3,2000-03-01,2.8480437728394037,5.22877194475772,5.204652985090512,2.3599224022900915
219,230,3,2000-04-01,4.0241709903236345,4.550468844077207,5.419075451269931,1.030275561051478
220,231,3,2000-05-01,4.831064457465302,3.539902621676866,5.434389281121207,1.8712722783359172
221,232,1,2000-06-01,5.226624201315141,2.1952603382232825,5.263011047029588,3.1281708738443847
222,233,1,2000-07-01,5.657800762123275,0.8815720491433938,4.581529671369049,4.267399107396651
223,234,1,2000-08-01,5.643796371120582,1.6951570154372542,3.5439347220415915,5.052227196289007
224,235,2,2000-09-01,5.46461148522908,2.949388555396552,2.1581816460773244,5.594169247693738
225,236,2,2000-10-01,4.693803766788638,4.1720185285213995,0.7667964291859921,5.873005612115136
226,237,2,2000-11-01,3.4693121069623234,5.130815764030821,1.5431112441112798,5.822618674050245
227,238,0,2000-12-01,1.9663468649928255,5.688096736262917,3.0168625142070784,5.365773972497626
228,239,0,2001-01-01,0.7546566275064552,5.923910137009483,4.307705653518073,4.53851080463288
229,240,0,2001-02-01,1.764372066335116,5.826394804846664,5.229105712401097,3.2929027340087034
230,241,3,2001-03-01,3.246271674268853,5.283575872350588,5.845895229285372,1.7952692307530898
231,242,3,2001-04-01,4.621809550589678,4.057502591675501,5.935433128995747,1.2716734653264237
232,243,1,2001-05-01,5.555557095530276,2.4701703260072736,5.54637584611746,2.812225613611606
233,244,1,2001-06-01,5.829296411909631,1.0315426254965483,4.806286008300486,4.121518576619563
234,245,1,2001-07-01,5.857392980276172,1.2853268584133897,3.7549343900059844,5.065765373592232
235,246,2,2001-08-01,5.491488436352596,2.8076429445129008,2.427854089751055,5.691903744810142
236,247,2,2001-09-01,4.91908362310207,3.984479274241593,1.0425761433010199,5.920736654438041
237,248,2,2001-10-01,3.9084544059767454,4.961871667963708,1.2092938543986984,5.931622062525387
238,249,2,2001-11-01,3.062974877175698,5.245770878130558,2.4916494290398123,5.600704076797836
239,250,0,2001-12-01,1.6802370413073697,5.504611638652987,3.61080580541486,5.1344479103407625
240,251,0,2002-01-01,1.067857590288296,5.63143525685934,4.552590634242144,4.374433837088236
241,252,0,2002-02-01,2.259386319223981,5.556024420576711,5.187177902829067,3.278421319586378
242,253,3,2002-03-01,3.500375231002141,5.277153314250332,5.551608484288915,2.016022464708617
243,254,3,2002-04-01,4.441237033197178,4.605630196178206,5.721971333386587,1.0924158673521533
244,255,3,2002-05-01,4.856690952096931,3.6638030362522525,5.693212318749096,1.632643080703252
245,256,1,2002-06-01,5.339619941550842,2.1302284137788696,5.281854391747015,2.969515364546828
246,257,1,2002-07-01,5.627718959322599,0.8627392319155734,4.5900057672024746,4.11172005313268
247,258,1,2002-08-01,5.512246306467999,1.819009250938025,3.48416529840001,4.8830772861901846
248,259,2,2002-09-01,5.108935208735361,3.2316389512919628,2.0757044592450375,5.3272273462165005
249,260,2,2002-10-01,4.321623636159982,4.509753376229917,1.3007828392646221,5.464314123924841
250,261,2,2002-11-01,2.777294071392307,5.505770421095397,2.293964652349315,5.302346833296277
251,262,0,2002-12-01,1.3106898164291794,5.800652487612327,3.733172068563533,4.6489672506325395
252,263,0,2003-01-01,1.1116320914608362,5.773136736574969,4.900281259440026,3.821783153577084
253,264,0,2003-02-01,2.5498215924350958,5.392745237758861,5.600994212419071,2.575467918790284
254,265,3,2003-03-01,4.024475840545886,4.620886078025778,5.91924024053406,1.1432811248214272
255,266,3,2003-04-01,4.896790146492243,3.7949914704156087,5.8759273733088415,1.3186768433294809
256,267,1,2003-05-01,5.699536202575459,2.360466176546608,5.301896108946661,2.829116064376665
257,268,1,2003-06-01,5.866804015846363,0.98091900535342,4.592199575321238,4.092021085637767
258,269,1,2003-07-01,5.755618448807508,1.382655007458679,3.57932026354205,5.070300133076555
259,270,2,2003-08-01,5.068703810147538,3.1434900547375393,2.298802821789886,5.582025666998385
260,271,2,2003-09-01,4.283711752106183,4.172023051018905,0.8531739554787526,5.58137241734891
261,272,2,2003-10-01,3.528584997718866,5.076982588836645,1.666921810514312,5.46376928506456
262,273,0,2003-11-01,2.3461665638223135,5.465925472710034,2.9662745146177736,5.0435338330999375
263,274,0,2003-12-01,1.3105265864706768,5.537667737281014,4.18013689418296,4.486682542153561
264,275,0,2004-01-01,1.6286217719456808,5.340104438489335,5.020591851514019,3.621610347144421
265,276,3,2004-02-01,2.908387154964089,5.056567095493063,5.459274651163754,2.588065691494775
266,277,3,2004-03-01,4.29066660874669,4.1989963440305855,5.44793134041853,1.4225914771272599
267,278,3,2004-04-01,5.1913661814164405,3.1120936509012322,5.160033985240415,2.134438975681402
268,279,1,2004-05-01,5.372439312246687,1.9707434125659877,4.69889892516157,3.418964883732135
269,280,1,2004-06-01,5.265218115062358,1.3304585482976259,4.02646005358288,4.454314180997998
270,281,1,2004-07-01,5.1199100728461975,2.3181516666391917,3.190764170013544,5.119901443890903
271,282,2,2004-08-01,5.042240610961436,3.419893511520439,1.8698784526924928,5.437562094203488
272,283,2,2004-09-01,4.281345606869937,4.581577568657481,1.279753514626364,5.582709842296365
273,284,2,2004-10-01,3.3589214596256967,5.113255170344571,2.096384879813695,5.454848827984674
274,285,0,2004-11-01,1.9313917311535556,5.436262121468391,3.4137943029055644,5.062409742137447
275,286,0,2004-12-01,1.123231539760953,5.517466894918388,4.485914695202916,4.328912027730369
276,287,0,2005-01-01,2.024540957320653,5.283736350182607,5.109089650078804,3.0915372541795296
277,288,3,2005-02-01,3.4724738692815,5.039694289462203,5.456237803526416,2.1038188023489695
278,289,3,2005-03-01,4.101841974878486,4.73475223585466,5.673377956930226,1.2133018307255004
279,290,3,2005-04-01,4.876517573437966,3.853811864168312,5.6584761678927284,1.2265439493249408
280,291,3,2005-05-01,4.985328062447679,2.816250519354816,5.374770471976044,1.9574336710668332
281,292,1,2005-06-01,5.295284097864866,1.6918025636027345,4.897428129367891,3.128752286868017
282,293,1,2005-07-01,5.347599487361914,1.5801750301538444,4.183267815449744,4.002179129670239
283,294,1,2005-08-01,5.51406346264845,2.39073594771765,3.104502620480777,4.608451632573756
284,295,2,2005-09-01,5.084622169388197,3.246444952429834,1.9993412548535159,5.100944056560916
285,296,2,2005-10-01,4.154371319048731,4.1234173640703276,1.750563074003163,5.52593862099409
286,297,2,2005-11-01,3.480513458545409,4.399440740781471,2.354391411370864,5.503895234258091
287,298,0,2005-12-01,2.241888150325948,4.805284063536639,2.9597314127732446,5.1175626886309145
288,299,0,2006-01-01,2.062499664786236,5.497470358544597,4.100778021319177,4.535876545175515
289,300,0,2006-02-01,2.590274997603876,5.6405489274370115,4.620553009153304,3.466911215696539
290,301,3,2006-03-01,3.3195160984179877,5.436957304632103,5.192848730226287,2.4482899533620883
291,302,3,2006-04-01,3.678287937701322,4.977281962043003,5.747092853336387,1.57914225075381
292,303,3,2006-05-01,4.665940945337814,3.715511647949456,5.872983988857834,1.9652634416664512
293,304,1,2006-06-01,5.298579471626354,2.2326486680158335,5.544709591007244,3.0502168976709214
294,305,1,2006-07-01,5.850901453861237,1.1170419288882074,4.752763472393785,4.110645976030055
295,306,1,2006-08-01,5.713621759862989,2.1853547979508288,3.5734212306928472,4.871384833741151
296,307,2,2006-09-01,5.272393516342088,3.6272507276016905,2.2236767269906395,5.373909131714888
297,308,2,2006-10-01,4.563649901676192,4.6682075085206405,1.654085125121607,5.589462455931878
298,309,2,2006-11-01,3.1186916043964303,5.3742924292698415,2.487793226703381,5.515708307073801
299,310,0,2006-12-01,1.5091010037526316,5.683961920723303,3.8584682066092766,4.993248736947574
300,311,0,2007-01-01,1.3777175662141639,5.7226109510630625,4.836322567246112,4.157856496621663
301,312,0,2007-02-01,2.7555957539626466,5.537648618649442,5.497805607825948,2.9225474299290175
302,313,3,2007-03-01,3.7091586632409292,5.148164450591173,5.73794968133562,1.732945832474759
303,314,3,2007-04-01,4.336547598636027,4.715215490964145,5.770298774909705,1.516236774227016
304,315,3,2007-05-01,4.968198266125182,3.565854786667706,5.5809370070736835,1.6910062906564143
305,316,1,2007-06-01,5.561816113703874,2.365606751119412,5.209039929921139,3.259610524364201
306,317,1,2007-07-01,5.594032789934983,1.2544245042309061,4.505983343327548,4.25260349440769
307,318,1,2007-08-01,5.5593109643222105,2.0791612987958206,3.570748758386675,5.137275252315359
308,319,2,2007-09-01,5.10085558478619,3.3828542634671344,2.2687052850179548,5.542017035623879
309,320,2,2007-10-01,4.473025752241665,4.551828551609057,1.5571456795399328,5.615068047940345
310,321,2,2007-11-01,3.3859524984789364,5.324076802927795,2.2699331673915624,5.412130354868475
311,322,0,2007-12-01,2.3243535695540065,5.54706275283652,3.4156702351051247,5.035472974172839
312,323,0,2008-01-01,1.8006988716252221,5.537823158845116,4.5270424525648005,4.577321058304757
313,324,0,2008-02-01,2.174977849358719,5.300085705847034,5.2574010980821315,3.6942200009206294
314,325,3,2008-03-01,3.6099407864918804,4.853129284351263,5.613360135096531,2.5086011047625085
315,326,3,2008-04-01,4.967013072657938,4.137340849433575,5.620401507586067,1.6223655071581953
316,327,3,2008-05-01,5.50413905889307,2.982898525656155,5.124572469589498,2.719866513590961
317,328,1,2008-06-01,5.634268745202541,1.8473481212004417,4.677733046730121,3.9919074391879676
318,329,1,2008-07-01,5.551453418053523,1.640035892221189,3.9463304996135236,4.913477482898405
319,330,1,2008-08-01,5.307432814618386,2.4362757286961565,2.9994508911132165,5.552763549305728
320,331,2,2008-09-01,4.9699192073116425,3.427340990558617,1.682906553951973,5.848632405316233
321,332,2,2008-10-01,4.341692649449094,4.4706322042834135,0.9000566559594989,5.896167179679151
322,333,2,2008-11-01,3.454424862027662,5.17395062161584,1.8235303880072276,5.715654038876671
323,334,0,2008-12-01,2.0201177494556295,5.6620125634360825,3.1828391907544114,5.288358043146197
324,335,0,2009-01-01,0.875540580025968,5.792908629587263,4.308269390473419,4.5382398156123
325,336,0,2009-02-01,1.9477841947173995,5.620576951832034,5.217352986816978,3.41789126165565
326,337,3,2009-03-01,3.870310481258519,4.631403189281898,5.571245558498745,2.3401010395717736
327,338,3,2009-04-01,5.126463498096109,3.248692176538172,5.565232030619695,2.44962207417018
328,339,1,2009-05-01,5.483895037184519,2.032427025097165,5.082044680605152,3.640935304377091
329,340,1,2009-06-01,5.674763920763052,1.445661987480307,4.222269297650006,4.576725102080871
330,341,1,2009-07-01,5.288922279452292,2.546653242830255,3.017762593456122,5.1445394208558595
331,342,2,2009-08-01,4.695694975136571,4.160288316408765,2.1396166418301603,5.3723648827276795
332,343,2,2009-09-01,3.7545113266830907,5.037288426310302,1.972423066483182,5.2187630421300195
333,344,0,2009-10-01,2.7978054425323275,5.55596113679294,3.2007611008111763,4.940818703124574
334,345,0,2009-11-01,2.0091074167438494,5.46804040223768,4.333642422087467,4.3282531694852
335,346,0,2009-12-01,2.2281624870233605,5.208626067781118,5.173581278258735,3.677333934693567
336,347,3,2010-01-01,3.121203648958043,4.848797746608649,5.438873263452449,2.9632069338833786
337,348,3,2010-02-01,3.918814247551917,4.774561275335184,5.348237220573014,2.6592471808368425
338,349,3,2010-03-01,4.349354937106024,4.820893823623612,5.464266023239777,1.9664929174737207
339,350,3,2010-04-01,4.624781600490952,4.5587184369801905,5.452510142671906,1.6691536510078606
340,351,3,2010-05-01,4.953056790738547,3.798963485028872,5.446927943563013,2.1966120983606148
341,352,1,2010-06-01,5.219177507045788,2.58147729426675,5.440977492190462,3.077612608219458
342,353,1,2010-07-01,5.530586694292351,1.436252908815088,4.876003918800906,4.070308745133634
343,354,1,2010-08-01,5.755223024504925,1.4979405953443325,3.8077314163974085,4.802898183399496
344,355,2,2010-09-01,5.453084314571257,2.819909641681226,2.4228226310936787,5.411799635216805
345,356,2,2010-10-01,4.746246116429332,4.110221665544781,1.1778132662550396,5.750006883847014
346,357,2,2010-11-01,3.240725802175405,5.231646321428137,1.6752764149137802,5.677956171256844
347,358,0,2010-12-01,1.7401092029974563,5.7925763765469505,3.1874705013558278,5.110245536482368
348,359,0,2011-01-01,0.7543300024618134,5.9220326394675755,4.420681638364284,4.214107645849955
349,360,0,2011-02-01,1.9417080955139414,5.735186959524079,5.383002044707101,3.0463372109496523
350,361,3,2011-03-01,3.270514737857535,5.157111457752663,5.954047306324576,1.8377362001929365
351,362,3,2011-04-01,4.420420827547705,4.297273538772397,6.048607345400416,0.966879938908057
352,363,3,2011-05-01,5.241575521601676,3.3426800872823126,5.831171956035399,1.7344072934131327
353,364,1,2011-06-01,5.786141382023931,2.164287991980614,5.301380090144058,2.868850732458748
354,365,1,2011-07-01,6.01214848934674,1.323953777163079,4.400025505622233,4.135590587715344
355,366,1,2011-08-01,5.654635653641167,1.8953488784941075,3.226079116908499,5.147699936832812
356,367,2,2011-09-01,5.104787517625147,3.156986308343801,1.911594312841795,5.692682911203525
357,368,2,2011-10-01,4.3658000100734204,4.292248216692282,1.1666495615196433,5.854929605064551
358,369,2,2011-11-01,3.491023898076577,5.044314052749925,1.7843069583718012,5.673575121056428
359,370,0,2011-12-01,2.263255981482291,5.616611118166487,3.103256670547119,5.296210854117268
360,371,0,2012-01-01,1.1450632457246044,5.782591846569488,4.161512625527142,4.570839959582059
361,372,0,2012-02-01,2.0139653129137183,5.686135030589975,5.128206797982415,3.595627772293555
362,373,3,2012-03-01,2.785528846482172,5.3131283711958135,5.551406793843943,2.4379281710590566
363,374,3,2012-04-01,4.256948415808532,4.009232117621974,5.48551803844061,0.8845055795580308
364,375,3,2012-05-01,5.145728516549764,2.6910664162842286,5.242799799024318,2.276569098579135
365,376,1,2012-06-01,5.38632393266555,1.2390597888338053,4.683682635857163,3.536412282263368
366,377,1,2012-07-01,5.419137863473783,0.8944762688970213,3.8589552052170397,4.518535979796988
367,378,1,2012-08-01,5.219704043571408,2.207903501772115,2.6253047478071045,5.14014797720352
368,379,2,2012-09-01,4.677453972872808,3.580564062997343,1.1721659015188242,5.447033241426002
369,380,2,2012-10-01,3.627678834189917,4.70364974356312,0.9515514399544998,5.435545602634928
370,381,2,2012-11-01,2.4300263454430007,5.28741385224852,2.3814352693117384,5.089067252634326
371,382,0,2012-12-01,1.0801591524590448,5.4900800736472135,3.683687784432907,4.46104191041039
372,383,0,2013-01-01,1.0750193122676228,5.458519914212376,4.732290804950118,3.6461124421939646
373,384,0,2013-02-01,2.4316587091356423,5.312377567377537,5.361918561005239,2.8193643289318255
374,385,3,2013-03-01,4.061955180912312,4.78434891574654,5.734252004912481,1.5083797543190098
375,386,3,2013-04-01,4.835626768735473,4.019044193837405,5.766281799534285,1.1873422828595803
376,387,3,2013-05-01,5.42372085728197,2.83813268160689,5.462534350928931,2.4700039539051724
377,388,1,2013-06-01,5.752111208454068,1.540578019708042,4.83670292371886,3.8862423240894417
378,389,1,2013-07-01,5.733244204443757,1.2739549826572278,3.9985354541028193,4.90838710480062
379,390,1,2013-08-01,5.602928518764537,2.38615673527703,2.8645312788699604,5.504089371840768
380,391,2,2013-09-01,4.948909809892429,3.855489555244567,1.6377305065656864,5.89750420022747
381,392,2,2013-10-01,4.201686983558204,4.556775395222252,0.8252243218574142,5.822335465635465
382,393,2,2013-11-01,3.3726760365813826,5.1580327490063285,2.253877121073463,5.691105186364109
383,394,0,2013-12-01,2.092071358727617,5.469207558252627,3.3427237712073894,5.262761332834114
384,395,0,2014-01-01,1.2675008967925114,5.641771759016805,4.346044320753502,4.6218163976385584
385,396,0,2014-02-01,1.9282202404566753,5.600426155692464,5.103680775638042,3.5166597716087478
386,397,3,2014-03-01,3.220992275613898,5.315350431453271,5.565630006108649,2.267229394345887
387,398,3,2014-04-01,4.374254613632312,4.577496093113308,5.744426260395845,1.2232842546279687
388,399,3,2014-05-01,5.138091505681181,3.3452400365239514,5.557720438213532,2.0729561281630158
389,400,1,2014-06-01,5.530652421990196,1.9889421720520768,5.142696025415988,3.4494657503645416
390,401,1,2014-07-01,5.604281714909583,0.9353339426613001,4.378419883689121,4.449344436613565
391,402,1,2014-08-01,5.572579548400442,2.034524698297881,3.3467953085383892,5.147093073260774
392,403,2,2014-09-01,5.395819699847225,3.2330779837988963,1.926740109305831,5.642109703409546
393,404,2,2014-10-01,4.595800131527208,4.306055680694993,0.8219394720071133,5.868573186412477
394,405,2,2014-11-01,3.5274741505184033,5.005232886326188,1.8235198123102623,5.810741531741396
395,406,0,2014-12-01,2.351811243998677,5.4260918872133335,3.0087574590815174,5.496340014149588
396,407,0,2015-01-01,1.2887434065576842,5.659300551042353,4.031722602350838,4.907786850800529
397,408,0,2015-02-01,1.1960453769383597,5.3498806070861695,4.618505465242637,3.655067365997998
398,409,3,2015-03-01,2.716084965550484,5.089854333341291,5.3975107283640025,2.0215532971498624
399,410,3,2015-04-01,4.214927421721186,3.860780145665581,5.455476096528764,1.1625301295218653
400,411,1,2015-05-01,5.091472309198982,2.339593111183689,5.062678308962729,2.6455467167060305
401,412,1,2015-06-01,5.515269212114574,1.0006219422500207,4.4589328329496976,3.9846585540983117
402,413,1,2015-07-01,5.192078926596589,1.6817802433008922,3.488249106970946,4.803176868167318
403,414,2,2015-08-01,4.733335002962188,3.4515785340427705,2.5641057387238257,5.2786427689037225
404,415,2,2015-09-01,4.571615782386361,4.34354402979705,1.817840852192383,5.2466137947934985
405,416,2,2015-10-01,3.3719420602956918,5.0239104781194985,2.0235601292418264,4.9864881761283195
406,417,0,2015-11-01,2.134422259654702,5.51722265737038,3.5606099896682513,4.803431491203402
407,418,0,2015-12-01,1.4368269461672156,5.4841653522404945,4.597808833146368,4.142778467973478
408,419,0,2016-01-01,2.3716564815162036,5.319150238399626,5.239472041881988,3.1831083658432764
409,420,3,2016-02-01,3.3078868806293515,5.271686705720677,5.544223729906718,2.4955484791506652
410,421,3,2016-03-01,4.148940969171766,4.973029646235809,5.590489269411534,1.9013491925541175
411,422,3,2016-04-01,4.524855322900077,4.627329831030207,5.688202176563643,1.6591418250918755
412,423,3,2016-05-01,4.7632095312050815,3.9679343637039373,5.7993345325583725,1.3424752172991805
413,424,3,2016-06-01,5.323169004684378,2.894808800069495,5.801676593553475,2.1024777856630834
414,425,1,2016-07-01,5.814213135262602,1.5150330659920108,5.172083581998731,3.3993469583338203
415,426,1,2016-08-01,5.956287374856674,1.1986855369252858,4.155682046047637,4.4998482014154675
416,427,1,2016-09-01,5.659697755193607,2.5170102226588975,2.787044593775656,5.3615738633839305
417,428,2,2016-10-01,4.9845528544096975,3.9122729489202928,1.2466951199877214,5.7417879509260965
418,429,2,2016-11-01,3.8447544297180287,5.063546898527186,1.2816983640880757,5.824349419901862
419,430,0,2016-12-01,2.345753590591188,5.689178238556298,2.808714411239251,5.404202208003345
420,431,0,2017-01-01,0.9014963582890346,5.9601238372170355,4.2256875884085465,4.678818409785936
421,432,0,2017-02-01,1.6324334303418195,5.802952443869956,5.083272723587998,3.6027437772717126
422,433,3,2017-03-01,3.0455542035597376,5.384951765191922,5.6526834224592095,2.088543286893211
423,434,3,2017-04-01,4.410515457746221,4.446618850906591,5.8610930611159615,1.0261843501059529
424,435,3,2017-05-01,5.309969454507966,3.0683328918379447,5.645468560767295,2.2887072146444427
425,436,1,2017-06-01,5.671027730121265,1.588185096016059,5.115184244853748,3.6699729212900616
426,437,1,2017-07-01,5.745772774904616,1.0653134858636437,4.2419676974366896,4.6996759685913885
427,438,1,2017-08-01,5.613303083905892,2.331483299025362,2.990838887856406,5.322585705017719
428,439,2,2017-09-01,5.204882535281698,3.604095297146481,1.6339384241479502,5.664407993134708
429,440,2,2017-10-01,4.300188549797285,4.647502308638669,1.0630664706004145,5.826033113438207
430,441,2,2017-11-01,3.020248464710798,5.30058553401696,2.2789208309282274,5.689133114374252
431,442,0,2017-12-01,1.6787156436962258,5.64419942639274,3.559105524835033,5.21049671090726
432,443,0,2018-01-01,1.353479121619707,5.674770963080592,4.573329753181006,4.359154531541488
433,444,0,2018-02-01,2.5696142212900077,5.4336170943798825,5.467175491301815,2.847293252030324
434,445,3,2018-03-01,4.224999269525499,4.39608493618044,5.95652075232177,1.4071508828923993
435,446,3,2018-04-01,5.301330428401067,2.737567920226104,5.66102155024211,2.481709120084754
436,447,1,2018-05-01,5.714924542571855,1.2197034157669617,5.0399591641961115,3.735855330752641
437,448,1,2018-06-01,5.77245627577167,1.097771218042885,3.9598058426152067,4.624045813954054
438,449,1,2018-07-01,5.47933157832882,2.3403823651655027,2.609390699287182,5.2998135564607
439,450,2,2018-08-01,4.93395119997897,3.3759559507201,1.2733073152103271,5.601670712579149
440,451,2,2018-09-01,4.267334213741539,4.162173781320517,1.3044665278030279,5.720153297349505
441,452,2,2018-10-01,3.6795658808066833,4.600994371569942,2.132353191486317,5.707036743347065
442,453,0,2018-11-01,2.5290160014015135,5.101702573350338,2.979924081713257,5.489359899778523
443,454,0,2018-12-01,1.4894603494836598,5.388945350884457,3.533507360239267,4.935934610547456
444,455,0,2019-01-01,1.9050143761452467,5.560978429376601,4.3881512142252435,3.9379721719157716
445,456,0,2019-02-01,2.670920705822342,5.524343545526888,4.984982469221763,2.7263397010445836
446,457,3,2019-03-01,3.4978849313764835,5.096789280099849,5.4341318298968035,1.5667941943519565
447,458,3,2019-04-01,4.2611886308097295,4.186326994143603,5.6969237803568085,1.3496452269879178
448,459,3,2019-05-01,4.995832867725375,2.8169856861374445,5.586776477990199,2.457995616687676
449,460,1,2019-06-01,5.423109524577356,1.6993026508370959,5.2115173634480865,3.5421964150566914
450,461,1,2019-07-01,5.611871841435701,1.8913080411425478,4.221051985207106,4.285139659081856
