start_idx,end_idx,start_month,lb_centroid_0,dtw_centroid_0,dtw_exact_flag_centroid_0,lb_centroid_1,dtw_centroid_1,dtw_exact_flag_centroid_1,lb_centroid_2,dtw_centroid_2,dtw_exact_flag_centroid_2,lb_centroid_3,dtw_centroid_3,dtw_exact_flag_centroid_3
0,11,1982-01-01,0.4545957681461657,1.2875147296235454,True,2.683619812571748,2.683619812571748,False,2.0378041816639603,3.3239569255748638,True,2.9479892025037606,3.5826963417884534,True
1,12,1982-02-01,0.6095100869927829,1.76694988018307,True,1.914329155126477,5.669532714809276,True,2.9151876247844273,3.360909071877083,True,1.8146462034868784,2.490981697659126,True
2,13,1982-03-01,0.8768309765036841,2.794236867396174,True,0.8679251147057068,2.926332798691891,True,3.136016053301174,3.8257356423293842,True,2.1284764671794525,2.3053201889676136,True
3,14,1982-04-01,1.4650180765518737,3.817768221843558,True,0.9022321498763964,2.2140196030818067,True,2.7053616609377094,4.2260763211678105,True,2.5813912712675386,2.70678854273249,True
4,15,1982-05-01,2.002531233179336,5.126467306648329,True,0.48286690590614234,1.2542010074989587,True,1.695140631226378,2.781677768854168,True,2.5898184903905093,2.866124423713647,True
5,16,1982-06-01,2.2791301110132323,5.41613931738743,True,0.4465768959979753,1.35385845925964,True,0.9711307452595168,1.576224448563059,True,2.547242720135635,2.9510281185484994,True
6,17,1982-07-01,2.272118047420651,4.396647676664342,True,0.4634692414845517,1.650900416120053,True,0.6748204533833301,1.2910479221870814,True,2.5229635118305844,3.52796508660904,True
7,18,1982-08-01,1.4326106899282562,2.970090736203837,True,0.5127682425254613,2.466667085837172,True,0.8139390223800146,1.3343727140336719,True,2.550207635607417,4.657285556076925,True
8,19,1982-09-01,0.5814716772269475,2.871766302822202,True,0.8338669090454237,2.5230265016944213,True,0.817664930124989,1.3408708167326073,True,2.8885891794986933,4.724388847035211,True
9,20,1982-10-01,0.4614344381030337,2.0035608229234607,True,1.6102195108090522,3.935164075519886,True,1.2383736346671423,1.6420718570905697,True,3.1468092166864396,4.1402026478176746,True
10,21,1982-11-01,0.46204872020984095,1.925167829028016,True,1.9590617469610003,5.186075173523634,True,1.2661579446091977,1.7950332583915891,True,3.3223427198446993,3.7740925215734342,True
11,22,1982-12-01,0.4007734085865968,1.269062216131967,True,2.296947292980596,5.194811306794766,True,2.065611644435984,3.0237278163851578,True,3.0248374410369934,3.3614827644087835,True
12,23,1983-01-01,0.851190470268829,1.4809249167496399,True,2.31077591725828,5.19458782810443,True,3.2488436094981674,4.2698459865227925,True,1.8402023744918368,2.815760513031103,True
13,24,1983-02-01,0.7038858931451991,2.9153528228494183,True,1.7913662694389372,5.071635339149178,True,3.7818154873262957,3.7818154873262957,False,0.38526512423719583,1.8447838218030803,True
14,25,1983-03-01,0.7707483171533996,4.183777959933359,True,1.2988082140618666,4.4551400334027,True,3.751043508841396,3.751043508841396,False,0.25503512896240776,1.3178130750715766,True
15,26,1983-04-01,1.2693235125445903,4.460236414197652,True,0.9751564496014319,3.148020340863386,True,3.549896490795557,3.549896490795557,False,0.5086474941607275,1.5279625576418259,True
16,27,1983-05-01,1.175927378678796,4.46993857440204,True,0.5515093120275633,1.7521363413083428,True,2.927738310184426,4.582761320752291,True,0.5217433851750888,1.1702448080649503,True
17,28,1983-06-01,1.9605950824315301,4.808931416528353,True,0.6266197358308324,1.6588787223723467,True,2.4160857332984174,3.4346835677745386,True,0.9050190443023406,1.4773713576090937,True
18,29,1983-07-01,2.17801816638333,5.299348555272922,True,0.5096962152061317,1.2656627574129515,True,1.7436804497973417,2.26096485056939,True,1.375928996747998,1.7403567043563328,True
19,30,1983-08-01,2.0357949871598975,5.426035047624371,True,0.5867261947937983,1.4503990854529663,True,1.832095231189149,2.048736196542546,True,1.7247986276865899,2.423988305034472,True
20,31,1983-09-01,1.2036163275074458,4.55708525707891,True,0.19138141397085257,1.2757325778159223,True,1.2270654517146968,1.536450257035646,True,2.644667748644637,3.6395973498122864,True
21,32,1983-10-01,0.5953561183626072,3.53727337948719,True,0.4001815260966921,1.715545877448206,True,1.1764259327285378,1.4111932489866952,True,3.1819894453289423,4.674651937965696,True
22,33,1983-11-01,0.5641700545293651,2.880833251340986,True,1.180133253347188,2.4940175009866863,True,0.2918562705920288,1.0305465634164377,True,3.817529357254987,3.817529357254987,False
23,34,1983-12-01,0.26672139566890346,1.4028514357429123,True,2.059575694396595,5.18762048987738,True,0.6828851101545359,2.2284662320708555,True,3.9010077512262775,3.9010077512262775,False
24,35,1984-01-01,0.23714512869513804,1.0413110577333238,True,2.3174154173389074,5.7330704493667675,True,1.6829844477349232,2.7733931495610347,True,3.5133268864075387,3.80233736104303,True
25,36,1984-02-01,0.34067193032242765,1.5536784541407525,True,2.0339359328765547,5.102071417748412,True,2.4285853218112314,3.609418105358276,True,2.908266975606628,3.079238508667763,True
26,37,1984-03-01,0.8376481410693778,2.3669889513258253,True,1.2558828277520078,3.322853971978575,True,3.0432369797560836,4.156173720132925,True,1.7698255771088895,2.240477753449284,True
27,38,1984-04-01,1.1153488615306695,4.17241290932074,True,0.7762340252858654,2.2216915925485385,True,2.841836091923055,4.504757921117277,True,0.8672185215215317,1.5917167733440423,True
28,39,1984-05-01,2.017598697788915,4.699523144058746,True,0.7816359481292605,1.5724742649114416,True,1.8813653576365554,3.4187455465865715,True,1.5186043456561116,2.003503174141133,True
29,40,1984-06-01,2.596527926670751,2.596527926670751,False,0.5795466018214808,1.3101732525745091,True,1.264574921097741,2.497762487049219,True,2.3940487718732997,2.6756237842518193,True
30,41,1984-07-01,2.414314622320825,2.414314622320825,False,0.4833237212887421,1.373841932078628,True,0.7228574700826184,2.000092101642471,True,2.9659791542855736,3.525399773848963,True
31,42,1984-08-01,1.5001506796397777,3.8077177751173834,True,0.49468499065013516,1.9822374601246027,True,1.0306872378861376,1.7169007112522463,True,3.189603971565456,4.0818332585030594,True
32,43,1984-09-01,0.8660821423947397,3.444480389827945,True,0.6731845556906201,2.3564091951173736,True,0.8564429508196788,1.6127944237420058,True,3.5023119958591735,4.557245167449792,True
33,44,1984-10-01,0.45701447051162836,2.710423012073655,True,0.7219839653263945,2.839073913998406,True,1.1526969133715819,1.6084506825950364,True,3.520862923850633,4.57874424995104,True
34,45,1984-11-01,0.4275936742551343,1.7085950550052167,True,1.7979487646706815,4.907681448672064,True,1.2912213600985543,2.0547474553909435,True,3.4916473975254116,4.230171180959006,True
35,46,1984-12-01,0.4475732226745714,1.5028669229382785,True,2.4547227419474766,2.4547227419474766,False,1.765995498739799,2.960854180652342,True,3.0548510652375485,3.563394250448053,True
36,47,1985-01-01,0.6069960595343754,1.6921901726828046,True,2.3616174171875786,5.312874397004874,True,2.648125926133912,3.437982089506187,True,1.855534830383876,2.8031603361277653,True
37,48,1985-02-01,0.6489561765271965,2.377535972997248,True,2.0159657576334187,5.049177091355354,True,3.1525577958313002,4.447113197979556,True,0.9804317018984976,2.251586875665483,True
38,49,1985-03-01,0.6482847235058034,2.79670662039383,True,1.2591706331572272,2.979242943447637,True,3.38857828001859,4.840432512917363,True,0.6881733390905953,1.5400860902527973,True
39,50,1985-04-01,0.6593751628598772,3.7370226442450774,True,1.116147715327891,3.0349188718095257,True,3.4747310423621887,5.0712276627123885,True,0.4185431443623866,1.477576565676069,True
40,51,1985-05-01,1.272543265177648,5.0131860395364365,True,0.9456584539955323,1.8746472421759932,True,2.9555801646042075,4.036969280537482,True,0.994326885283886,1.8885175855010405,True
41,52,1985-06-01,2.22174840584542,5.388345519545031,True,0.7569009658254056,1.5363411690945339,True,2.294960651788833,3.17374422753576,True,2.15013993605991,2.6407758718882017,True
42,53,1985-07-01,2.405276793399232,2.405276793399232,False,0.4216229458747356,1.5286920426411243,True,1.251878339846162,1.9371703528458744,True,2.7476193769390935,3.061625579478609,True
43,54,1985-08-01,1.8211183061018754,5.331320528993136,True,0.2074728731078716,1.1763895985974961,True,0.9317322449642093,1.6294812662035933,True,2.8842209080600814,3.476789604463837,True
44,55,1985-09-01,1.4913862031331604,4.308208318950412,True,0.237005681537119,1.8845758812661781,True,0.21066300071974806,1.507450617278243,True,3.4264022103004548,4.849082284324078,True
45,56,1985-10-01,0.9665580461329191,2.171484943362123,True,0.5147030439089372,2.9729758956816337,True,0.8102815827786596,1.4577977084651637,True,3.562185286003403,5.319620663956302,True
46,57,1985-11-01,0.435775580012054,2.1288818161300673,True,1.083395133679281,3.7676030132035208,True,1.0030032490103713,1.6295906683124768,True,3.4890680513702934,4.68175204512828,True
47,58,1985-12-01,0.12281423994704796,1.658344725573011,True,1.8982575790798282,4.9800322451599595,True,1.3664986039336966,2.195633734117782,True,3.339963987398496,4.054122602132736,True
48,59,1986-01-01,0.16476942544990003,1.523545316379527,True,2.1634414588110804,5.438981311053914,True,1.7854710382054262,3.0024980589429373,True,2.953913906396245,3.4007428761133913,True
49,60,1986-02-01,0.6044545762024971,2.067533222526646,True,2.049852033069865,5.175207635763277,True,2.8699914829467383,3.4171377915471184,True,1.7619267728429664,2.807750595844038,True
50,61,1986-03-01,0.6544673614132284,1.8542481563017577,True,1.6387977179210804,3.9203077651112754,True,3.0697967697375814,4.263805805873111,True,1.4644236549867469,2.022525412885033,True
51,62,1986-04-01,0.7746491688323784,3.4919669623615035,True,0.881898695608506,2.056974561261395,True,3.125715611632767,4.781693645144439,True,0.8428360093529618,1.6023172142549549,True
52,63,1986-05-01,1.2489256780008176,4.873983722700807,True,0.5806174492644922,1.6019384462647719,True,2.698660054359563,3.5486604469700334,True,1.2961545443828455,1.9230078035568936,True
53,64,1986-06-01,1.7491093792375239,5.320696947146398,True,0.6531039775578812,1.7398235536873707,True,2.2006722182049048,2.5007796271789844,True,1.667916957459627,2.2193893641860662,True
54,65,1986-07-01,2.3839863118761953,2.3839863118761953,False,0.5074664731946386,1.5077385674233095,True,1.5401048304218794,2.3317456989495153,True,2.429149536505364,2.7048404198339906,True
55,66,1986-08-01,2.144294234677615,5.032213240706665,True,0.4502909503946684,1.584654071766354,True,1.2745338142760048,1.7770425254878053,True,2.8309461339877293,3.519177172286833,True
56,67,1986-09-01,1.2278407695805234,2.8927930599150637,True,0.7452112724428562,2.44397070916638,True,0.6234028751420084,1.3260324939315535,True,3.3665230437808997,5.311956879553682,True
57,68,1986-10-01,0.5480360708619868,2.8064397554159806,True,0.6702867500121559,2.5675032964629825,True,0.6311260228601512,1.2137219523805014,True,3.581940426583724,5.515546806518588,True
58,69,1986-11-01,0.6170134912326093,2.6883173095322213,True,1.2530123852361679,3.7237231342121664,True,0.633111622795052,1.4160064455636872,True,3.820629383396898,3.820629383396898,False
59,70,1986-12-01,0.640854379492074,1.8193161099038677,True,2.212273823355607,5.154635821793383,True,0.8192416399499172,1.8578139867472525,True,3.863698783387075,3.863698783387075,False
60,71,1987-01-01,0.6806280432948512,1.2123188947756582,True,2.7716076381079846,2.7716076381079846,False,1.7581800046831737,3.114914449857563,True,3.4174653671964315,3.8112653667408614,True
61,72,1987-02-01,0.7025764092922198,1.413394706667077,True,2.2255307032135065,5.422522515760089,True,2.769891393497262,3.755773613663766,True,2.240807421978025,2.6398844529296746,True
62,73,1987-03-01,0.8949828203162198,2.5478770310348637,True,1.2782362648068593,4.09615247143997,True,3.343373668419484,4.657385934911176,True,1.0449304045310785,1.705614991494072,True
63,74,1987-04-01,0.8850536611267191,3.34309192871747,True,1.1473053754907374,3.1569134147438915,True,3.358688636790986,4.6586450039238825,True,0.8991197323322201,1.5174621380763709,True
64,75,1987-05-01,1.465323396188636,3.6687908980911303,True,1.2120036266758558,2.105396614171913,True,2.876965624497573,4.3468301734431,True,1.1955209460029266,1.7080589434348141,True
65,76,1987-06-01,2.400137074959587,2.400137074959587,False,0.8893126511790822,1.3987072302818075,True,2.1887372671902967,3.187099660403812,True,1.8644064370856603,2.4008686513787714,True
66,77,1987-07-01,2.4039096298086005,2.4039096298086005,False,0.45750591035643307,1.4037882137841462,True,1.2093362704681394,1.783218043548247,True,2.473286432627497,2.714669843221843,True
67,78,1987-08-01,1.6100772280945632,3.993360288425511,True,0.577897810589578,2.3094143304716668,True,1.2888541341126079,1.6223902676857842,True,2.750109495895309,3.375691903734583,True
68,79,1987-09-01,0.5994752119791489,3.4486900670277856,True,0.7485790892930463,2.880079396074344,True,1.6824838642276279,1.9308709196531728,True,2.723794110975589,3.613234705205962,True
69,80,1987-10-01,0.6880032269662771,3.2060434234342927,True,0.8366322402045038,3.331432292621709,True,1.8206681576513661,2.076126336842729,True,2.8992195308393502,3.6866040253464103,True
70,81,1987-11-01,0.7006649253611297,2.594542494697285,True,1.8632283641902212,3.8420948120282934,True,1.4765102829766148,1.900514608568143,True,3.1949352642749793,3.989877381405063,True
71,82,1987-12-01,0.6368742135837214,1.6072435027837828,True,2.6002377597813395,2.6002377597813395,False,2.129868767174526,2.9360557231875823,True,2.7315787039047854,3.4577407751530433,True
72,83,1988-01-01,0.653843197919118,1.7986801131525851,True,2.207106788459757,5.1342841559960055,True,2.826812975180897,3.6482759092254056,True,1.7653024212073198,2.5957718370357106,True
73,84,1988-02-01,0.6088240937962348,2.251223880228246,True,1.467148627296071,4.76366496773508,True,3.3458222685333583,4.638412586913588,True,1.0825559939983764,1.7696326687975628,True
74,85,1988-03-01,0.5075179852815248,2.778262011825974,True,1.1741933355215624,3.914951185164364,True,3.507855627603893,4.664517795648482,True,0.6867709689310735,1.3735367459040664,True
75,86,1988-04-01,0.8699736919584552,4.081809679407166,True,1.3558729433389693,3.727578637212578,True,3.427159584810111,4.844977201066828,True,0.5492744934014919,1.5624434471343451,True
76,87,1988-05-01,1.8708391644791103,5.068578759808885,True,1.3130116809819319,2.658532748381125,True,3.1541729698995358,4.798564034434584,True,0.7891337262625481,1.9410746808998318,True
77,88,1988-06-01,2.1367259695841345,5.165521812521323,True,1.162859784285542,2.0183126420251356,True,2.6497603892020827,3.6697064322023296,True,1.2490834971049054,2.3809083294198143,True
78,89,1988-07-01,1.7432885018291855,5.272846372467443,True,0.4074600540570459,1.733171829122389,True,1.5874048759320218,2.413519412689329,True,2.066544380493868,2.738719115471849,True
79,90,1988-08-01,1.5865101418127916,5.551038267154076,True,0.2996419709240437,1.7361826497269979,True,1.2584430692846285,2.0515217711055476,True,2.8180449220171893,3.09823019688322,True
80,91,1988-09-01,1.4768197026689678,4.410507240901938,True,0.26848192785725666,1.933165096890139,True,1.2163274771490555,1.6536405172565944,True,3.099296801388455,3.6005434264836738,True
81,92,1988-10-01,1.1973162522583785,3.4809437410789394,True,0.5953662686968341,2.4582889633948084,True,1.261562854060226,1.7036953690520251,True,3.2979979353494966,4.50282967790051,True
82,93,1988-11-01,0.37774874121509167,2.3638530576827717,True,1.4535579466626185,3.777644356385629,True,0.5129902355536348,1.784452257472722,True,3.5479975517649267,5.321786861772686,True
83,94,1988-12-01,0.3955193726593733,1.5355623940041794,True,1.8781317073067376,4.457121337502831,True,0.9913963301763868,2.0831387680216618,True,3.4432532607599824,4.4437128638731584,True
84,95,1989-01-01,0.43998010556886274,1.4338967169324706,True,2.1420265573195203,5.482615868239367,True,2.0072076157823426,2.430450718992155,True,2.889312727286749,3.3688312865710937,True
85,96,1989-02-01,0.39967258833079655,1.5335941393522552,True,2.1206801503202164,5.539974850873328,True,2.6032891044509645,2.900910803260097,True,2.3247870913959834,2.842005931365308,True
86,97,1989-03-01,0.94620767106435,2.7476344530124095,True,1.6167389081477854,3.241413150681373,True,2.696842205903805,3.9985124360082933,True,2.572627289270234,2.713656597034943,True
87,98,1989-04-01,1.633655689711402,4.342893682961534,True,0.6102558845584406,1.9857377365994455,True,2.569693225626941,3.901446353163953,True,2.59869833779125,2.7652748222311168,True
88,99,1989-05-01,1.978049018374537,5.212618067332199,True,0.4990006831612471,1.5117551754328096,True,1.614091189134438,2.7231746599380564,True,2.8113629724040474,3.1033467668989325,True
89,100,1989-06-01,2.2105319473277043,5.777761678218357,True,0.27677439398213793,1.2482500371672742,True,0.6876279369907857,1.9451729937094533,True,2.966131121705909,3.4102141537168698,True
90,101,1989-07-01,2.1151385532661418,4.847327103033235,True,0.08189856349486013,1.1421206264897865,True,0.36334504512282595,1.2515445039847877,True,3.0346937260999765,3.868509392441244,True
91,102,1989-08-01,1.3624812614068553,2.7336811112974204,True,0.38240441633352057,2.4385485515094656,True,0.28694821199782106,1.041669033131823,True,3.1104088934215013,5.2244670896027845,True
92,103,1989-09-01,0.4889581047568046,2.5521979352338056,True,0.7372284525219985,2.7585496983249294,True,0.3292009248051382,1.163866782237271,True,3.288541113571553,5.409748950135001,True
93,104,1989-10-01,0.0,1.8084185786228841,True,0.9800392868709898,3.522687929107362,True,0.8159869807114192,1.2762824171248595,True,3.4337759091919335,4.61753055867312,True
94,105,1989-11-01,0.058710037044289676,1.7116341705210403,True,1.7654071631042405,5.11176185248973,True,0.8809015357327499,1.6790073646991899,True,3.5699005592102893,4.1918410040023275,True
95,106,1989-12-01,0.19909917803697277,1.353226067014207,True,2.3420275649019424,5.282048376902328,True,1.3266970673955638,2.635748281872731,True,3.43694486227837,3.9039042223354192,True
96,107,1990-01-01,0.44132812769526963,1.1761373591925894,True,2.5155402930508974,2.5155402930508974,False,2.4959938242067023,3.910333954885941,True,2.5562466354549778,3.1303268975725085,True
97,108,1990-02-01,0.6272889552658814,2.269642450497361,True,1.5249741236393928,4.814228140575223,True,3.4479143124252913,4.913309467609392,True,0.7559274872492973,1.7115888734264644,True
98,109,1990-03-01,0.7663644435834881,3.696336534861307,True,0.8364477681544289,3.503501940265655,True,3.619910730698179,3.619910730698179,False,0.24380290394325788,1.099516526655786,True
99,110,1990-04-01,1.027982509996647,4.895418014521256,True,0.7907115888773506,1.894427160275155,True,3.3756603932722795,4.581958158358956,True,0.6690036136075926,1.4592839067426626,True
100,111,1990-05-01,1.719694585774677,5.117734398595461,True,0.9618637195282772,1.9429253483764435,True,2.7041416904374804,3.691506160628226,True,1.131770739054298,1.9059890382368665,True
101,112,1990-06-01,2.3723202213334376,5.285880019698801,True,0.8670105543638459,1.8612658151872636,True,2.086080686103006,2.657872979402268,True,1.5749172406172558,2.2509053660517213,True
102,113,1990-07-01,2.6294188290618288,2.6294188290618288,False,0.7098956807341145,1.715102477766424,True,1.2501600013670666,2.3653820763482987,True,2.640614244822261,2.946034470743613,True
103,114,1990-08-01,2.0104720315092766,5.177546726235443,True,0.39315852877200463,1.1892361494220582,True,0.8838445940590162,2.006516069929173,True,3.1058151239284886,3.7676370126046623,True
104,115,1990-09-01,1.206614657974337,4.089094263448106,True,0.5834786328723363,1.9976972202603525,True,0.4084927466284181,1.336129103020555,True,3.6354847600183238,5.047233908613912,True
105,116,1990-10-01,0.5760784233839155,2.6761577829279495,True,0.5469112645300684,2.369036800816818,True,0.6130219288462461,1.2009804497034307,True,3.7389717219270953,5.279684367176662,True
106,117,1990-11-01,0.34447063441889253,2.0322882304155376,True,1.3793337663361078,3.763122493795526,True,0.7524269039192555,1.389824502233271,True,3.780909662271334,3.780909662271334,False
107,118,1990-12-01,0.3185867733112183,1.1070105712905067,True,2.301016311498225,5.498627261346735,True,2.010277052807748,2.7643789552969045,True,3.133097030264585,3.8806874488314076,True
108,119,1991-01-01,0.8388306258926468,1.4742516638165704,True,2.402634940583189,2.402634940583189,False,3.0415598257663543,3.496370720267969,True,1.91605514986315,2.922408713762494,True
109,120,1991-02-01,0.8098404630659184,1.938883225814655,True,1.702621074113633,4.635937242595332,True,3.283544830281145,4.1166482799382225,True,1.1475777334520025,1.605335208029079,True
110,121,1991-03-01,0.8637500087125234,3.178803318753525,True,0.9835967567562294,2.44900716182602,True,3.184249657233788,4.83974140524646,True,0.758636910188107,1.1191287588943613,True
111,122,1991-04-01,1.1451969395445858,3.7018940956007538,True,0.6641232370179674,1.5978468709083653,True,2.730202011203344,4.294729359157989,True,1.3319692981997686,1.5208204333541957,True
112,123,1991-05-01,1.9966899209534972,4.2341068797293095,True,0.5493682229145462,1.321129256634675,True,2.032280676178242,2.860048489041381,True,1.6717350279907182,1.8361202710907765,True
113,124,1991-06-01,2.440147113905631,2.440147113905631,False,0.5282212739345926,1.2408444189521077,True,1.7280660811240864,1.9642622152117124,True,1.6528494011357322,1.9600034133947164,True
114,125,1991-07-01,2.2129243723639114,5.144813289517635,True,0.5642528998831778,1.4384943529958816,True,1.4658955378877603,1.705248999943553,True,1.9317916709703968,2.5978319260289577,True
115,126,1991-08-01,1.289791708057044,3.692859270999239,True,0.5462641918342304,1.9769722154589753,True,1.215149453277183,1.4795402808303912,True,2.5475204858150886,3.971009486694713,True
116,127,1991-09-01,0.5938395494012528,3.209437760157959,True,0.6675187358475209,2.091000999006368,True,0.7909463479630333,1.2012725222408343,True,3.1742084355276954,4.7926544253334455,True
117,128,1991-10-01,0.5583236254521093,2.503985739145601,True,1.3325635378839054,3.0649834011524457,True,0.8737861295508356,1.2652153367325925,True,3.5307960532323053,4.743009204790531,True
118,129,1991-11-01,0.549982987002819,1.841788343455791,True,2.2175731255547535,5.344500716929759,True,0.7890253825440777,1.8525013770756806,True,3.7585109753399553,3.7585109753399553,False
119,130,1991-12-01,0.5078166312184645,1.2778878093832888,True,2.5899116937103153,2.5899116937103153,False,2.027961191010522,3.2052524488951937,True,3.182210952311826,3.6013732374735556,True
120,131,1992-01-01,0.8824145116772758,1.6337644070324755,True,2.225195475367862,5.575465038665943,True,3.3359727750198593,4.135197585792112,True,1.6850781052782915,2.694632899473287,True
121,132,1992-02-01,0.7434431455423343,2.6609229700097314,True,1.4107852216724273,4.765085152772229,True,3.724093319602653,3.724093319602653,False,0.6084885666145246,1.4568440855497893,True
122,133,1992-03-01,0.7963303675207214,4.061536811306171,True,0.6510647450702928,3.203832074565298,True,3.6191218702281627,3.6191218702281627,False,0.3314576866320986,1.0020906322896246,True
123,134,1992-04-01,1.1601407721707417,4.462619603440491,True,0.7032073482086053,2.983979381339984,True,3.2326719039873,5.243362203550993,True,0.31280964173058395,1.2790959356746279,True
124,135,1992-05-01,1.8706679225125282,4.7560001883000655,True,0.5814701089469932,1.3866205655207866,True,2.4358421420338723,3.851634193479934,True,0.9999347571696665,1.5257807426790284,True
125,136,1992-06-01,2.4424333490189523,2.4424333490189523,False,0.392638504515336,1.0100948426661829,True,1.766724872702523,2.6843146169670744,True,1.9560759267406207,2.1998476921819448,True
126,137,1992-07-01,2.3221830701100017,5.553605111327829,True,0.3393217169066948,1.1023731850962595,True,0.9830296643850874,1.827797927093916,True,2.5906878000039213,2.900961310753824,True
127,138,1992-08-01,1.5030227213230898,4.972169818195167,True,0.2656123256922482,1.0107610330770718,True,0.8691955757341622,1.2086939380710864,True,2.9317700102572664,3.475228325566365,True
128,139,1992-09-01,1.239088643354902,4.239677234314544,True,0.15915254489111827,1.3997568909082387,True,0.30900130551787197,1.3644466707479963,True,3.4814170643792712,4.6093077973593894,True
129,140,1992-10-01,0.8064752379061694,3.2576588380859905,True,0.6276728489943908,1.7967986703990875,True,0.2512231866781177,1.0131014225354993,True,3.770872249237021,3.770872249237021,False
130,141,1992-11-01,0.33824729815762217,2.062997418795046,True,1.6559956340476891,4.16766673356411,True,0.24381551881194213,1.5552485755267005,True,3.9088949155743373,3.9088949155743373,False
131,142,1992-12-01,0.36056992211740013,1.348448523839654,True,2.2306085709290144,4.92573688627828,True,0.9344333147642061,2.460068618324705,True,3.710812175494614,4.494914113083574,True
132,143,1993-01-01,0.11641592539498302,1.0420404949735058,True,2.1245417244616607,5.806437726546567,True,1.865106203626939,2.746392451763529,True,3.1302775840875747,3.474714161527673,True
133,144,1993-02-01,0.20636655812321908,1.2343173479085698,True,1.7914708025688588,5.20250227913158,True,2.4492129710438633,2.9468169756060947,True,2.5318334703262693,2.724896200097307,True
134,145,1993-03-01,0.26663700592840256,1.3202432659560572,True,1.8185140964896105,4.32442388555424,True,2.8439430103158014,3.7957222518139773,True,1.9117341766244722,2.1343295835510583,True
135,146,1993-04-01,0.34720932209140076,2.5232860122158463,True,1.3564981183832934,3.7720611596732088,True,3.083732687345544,5.16352245069861,True,0.592787722134552,1.3392803432997953,True
136,147,1993-05-01,1.2603066532602323,4.3471126880961455,True,0.762576488734507,1.6923250944904267,True,2.794755386054273,4.278310128561741,True,0.7816705517307909,1.2042912500875504,True
137,148,1993-06-01,1.8763715513115342,4.929327454039024,True,0.8021166563604991,1.4651283524015277,True,2.6570402065480097,3.172776911777921,True,1.3415693340115717,1.7352849357146045,True
138,149,1993-07-01,1.7349099857636818,5.317091381453548,True,0.7852407079303894,1.4232017345639705,True,2.089478785812509,2.3003625570262742,True,1.8376092839293516,2.175970732578221,True
139,150,1993-08-01,1.7280712033153243,5.771664550435041,True,0.6238321554145361,1.1437610645913174,True,1.6421387624673365,2.2245667131803746,True,2.4109128219578535,2.892572928370943,True
140,151,1993-09-01,1.5074035331524938,4.538640813224518,True,0.06305306158070101,1.2148250154248197,True,0.6436909547354117,1.4032688233829975,True,3.1986642107884915,4.01907275725198,True
141,152,1993-10-01,1.188261494954466,3.730991559681916,True,0.31255874750938406,1.8143946617399416,True,0.003015638221493644,1.3399526693193897,True,3.6147773739860387,5.308289936418489,True
142,153,1993-11-01,0.4361673228307111,2.6055953899834123,True,1.3615585473534948,3.5299646617246108,True,0.009004324110809314,1.4540025984632021,True,3.79551243675619,3.79551243675619,False
143,154,1993-12-01,0.030249071024852858,1.2997969493773924,True,1.9104757910730692,4.780653349335488,True,1.5967074794937433,2.488024278456899,True,3.497186345244264,4.244168331773323,True
144,155,1994-01-01,0.08410207163037264,1.4350650937004354,True,1.5933416644449079,5.691638040452631,True,2.2453182271129926,2.6886815560466837,True,2.9821072318385378,3.3863054214452686,True
145,156,1994-02-01,0.05032935513334813,1.4947556469881935,True,1.6705307391041195,5.573815912093115,True,2.7408844932655176,3.015507414454587,True,2.4420167191548354,2.813843369001763,True
146,157,1994-03-01,0.17855905919876025,1.3702080388449722,True,1.8318746222685913,4.892036705130813,True,2.9421094234052356,3.9170456131689413,True,1.7008640371770736,2.3358675081988167,True
147,158,1994-04-01,0.7311545562965563,3.23116100673192,True,0.8908820835389014,2.4041775008684425,True,2.9826481685770734,5.279740498172852,True,0.30078972566840756,1.1482015001335235,True
148,159,1994-05-01,1.3980941825362083,4.1668628060912845,True,0.4667440086412529,1.6991170751055127,True,2.7613160661057816,4.339276156795348,True,0.7214805999620864,1.3222807878672553,True
149,160,1994-06-01,1.7869507789602095,4.8583120344397495,True,0.1685778441793545,1.1093873229064364,True,2.0376826740304774,2.9113260756569375,True,1.6017096630294527,1.9280621920169938,True
150,161,1994-07-01,2.028191384410063,5.652129899768852,True,0.186194415081105,1.0295517560234988,True,1.381171675307561,2.0605337196781077,True,2.2874182141511787,2.5030162620554477,True
151,162,1994-08-01,1.9799589005497593,4.996688103645633,True,0.27761205964062796,1.433649182543687,True,1.1169139978064464,1.545110572060315,True,2.6471186455728035,3.0533234292093065,True
152,163,1994-09-01,1.4280949496906927,3.6824889689675215,True,0.38013298478030566,2.116573888156804,True,1.265330737373422,1.6137555022462295,True,2.8469754477058222,3.9165915360045407,True
153,164,1994-10-01,0.7493773383410902,3.1966861352996063,True,0.6506998998000194,1.9903834648228909,True,0.8559733351614239,1.4447245932131896,True,3.2999955667897845,4.638416617542218,True
154,165,1994-11-01,0.4618940477967953,2.2981843990684596,True,1.4596848258116535,3.9643708423464874,True,0.7678059901517736,1.7891545727591762,True,3.627524558935728,4.7945788392315505,True
155,166,1994-12-01,0.411632844630508,1.5101825330864251,True,1.9251783678052,5.062583665465506,True,1.3240791057455532,2.1015001861594165,True,3.414210895634279,4.021667041895638,True
156,167,1995-01-01,0.4636078192497533,1.3857118984051164,True,2.3296638465936077,5.353237155094435,True,2.300589984656091,2.8001493774248654,True,2.7359732321726504,3.2831246074974643,True
157,168,1995-02-01,0.3995529210021987,1.2382066189029326,True,2.084962941894861,5.407340706130809,True,2.9143014231847277,3.7597671446218497,True,1.976080474479324,2.6181936856908403,True
158,169,1995-03-01,0.39223962371423976,2.4412430837357326,True,1.3348914652392452,4.652478109627956,True,3.461981597113932,4.631370994913186,True,0.6555527078305418,1.5587351081533698,True
159,170,1995-04-01,0.39222889593776245,3.3735597568128353,True,0.8639374068654889,1.9696981394965098,True,3.4106619809371854,4.64299591723112,True,0.6377918890780767,1.18812291371236,True
160,171,1995-05-01,1.1780312149743746,4.739905463372863,True,0.7528515572460454,1.9000303921288595,True,2.907268525410767,4.323826218281531,True,0.8319762204913239,1.3975172758305685,True
161,172,1995-06-01,2.1087504787002485,5.146052758508788,True,0.6864374571160468,1.2874360116832084,True,2.007955147672839,2.8871090703384805,True,1.643966925511896,2.151940669501641,True
162,173,1995-07-01,2.275641999485591,5.182131686828535,True,0.11586092392581122,1.2426132504470124,True,1.2451058849205634,1.7128833423938552,True,2.1916863762995535,2.4182106730640682,True
163,174,1995-08-01,1.9716537926303328,4.912080375212451,True,0.1315342509261506,1.4364735797954928,True,1.0549456502229269,1.4827843078052096,True,2.5003677026097617,3.1079611890027032,True
164,175,1995-09-01,1.193757759073328,3.7208985385533437,True,0.05728865619406154,1.7644573203081386,True,1.159559410142074,1.4092048663132204,True,2.725330643541837,3.9613543231950517,True
165,176,1995-10-01,0.09348243261907532,3.018692396804132,True,0.16664194233264176,1.9857969803267206,True,0.6151967477050437,1.0872022518664886,True,3.261627036089875,4.7221483918353755,True
166,177,1995-11-01,0.022148398896792765,2.206354991098948,True,1.251213764239988,3.6236674524971253,True,0.47642548518943967,1.209864711265268,True,3.5870610628503314,4.843163739837562,True
167,178,1995-12-01,0.0431505289092078,1.5895352504489324,True,2.133978660031446,5.464789645855066,True,0.6391266563829597,2.135037480204588,True,3.6636882006864027,4.4792542479814035,True
168,179,1996-01-01,0.16752574097794334,1.1773442373459784,True,2.4662161688664574,2.4662161688664574,False,1.808770424427766,2.8619294912261473,True,3.1830243231332442,3.4922808200684763,True
169,180,1996-02-01,0.37180764957940976,1.4669071830912592,True,2.1739070135742318,4.91695979127281,True,2.568364665756228,3.9506716744666943,True,2.4004485294578783,2.674265661859683,True
170,181,1996-03-01,0.7361221633079194,3.0127619553382856,True,1.053649014476175,3.299123509167838,True,3.362067608273249,4.9921489450214,True,0.6686719628088296,1.4205330173335735,True
171,182,1996-04-01,0.8926435602642095,3.6725967029111586,True,0.7832657875010011,1.7404732237745086,True,3.098411765090785,4.167598868536774,True,1.191858328025319,1.7150463962151388,True
172,183,1996-05-01,1.694630837464854,5.422402257447536,True,0.6770842205269056,1.5743556109022132,True,2.5739373434586326,3.2607654012908953,True,1.5184498656350727,2.058730100037874,True
173,184,1996-06-01,2.5571086973000745,2.5571086973000745,False,0.909963640541664,1.459698823975738,True,1.5106391291952503,2.7650001483734545,True,2.827300025705156,3.011139248339438,True
174,185,1996-07-01,2.422466091884167,2.422466091884167,False,0.6747551832941393,1.2426789619700165,True,0.9543166534026815,2.4456143661526997,True,3.2689937097823156,3.6414104640969915,True
175,186,1996-08-01,1.6889775802879854,4.438706380267492,True,0.7425413398839018,2.116946351605172,True,0.5717029448481382,1.4380945262087077,True,3.562641049295585,4.798972120866599,True
176,187,1996-09-01,0.9002485779649563,3.698428265172439,True,0.40074005126801004,2.11930953489357,True,0.31592381806587955,1.1908111403155193,True,3.6302895064594063,5.297041303018333,True
177,188,1996-10-01,0.4740551601030965,3.1592413573044706,True,0.752230463075294,2.770256308646289,True,0.14717610336018147,1.2513370167269477,True,3.7565053410725415,3.7565053410725415,False
178,189,1996-11-01,0.18227234130537362,1.9496081000635164,True,1.6354367702651982,3.918411091436243,True,0.3464695552713602,1.4442393902111825,True,3.7864226931037406,3.7864226931037406,False
179,190,1996-12-01,0.28166674328808616,1.301373066225883,True,2.346986694734441,5.161526542893838,True,0.9328302786861827,2.3847226492363185,True,3.62405236838802,4.4142650936346906,True
180,191,1997-01-01,0.09797524073646317,0.981263384876231,True,2.3517349932821596,5.894935223611877,True,1.9621344894559074,2.751533526506871,True,2.950057722764784,3.350848003993546,True
181,192,1997-02-01,0.33193753495356954,1.4435905505867639,True,1.8482561502611246,4.717708981745734,True,2.565142644584774,3.248977861843306,True,2.4098010391553437,2.6284155286757214,True
182,193,1997-03-01,0.7271578329855797,2.783231937157352,True,0.9553755473596374,2.599563159230265,True,3.094407478024774,4.124047907891765,True,2.0160443880198486,2.192402617141095,True
183,194,1997-04-01,1.3993435080749415,3.641700846112626,True,0.7969593503576438,1.9389931053107845,True,2.589430048665456,4.002824850732804,True,2.2988043490318835,2.406658348506051,True
184,195,1997-05-01,2.0352201623605497,5.450483006196491,True,0.4102623266483355,1.0729667847893753,True,1.8028738381356035,2.280937090927187,True,1.9625624908011674,2.13791168746171,True
185,196,1997-06-01,2.384134633909481,2.384134633909481,False,0.39060737161377107,1.0355402835798921,True,1.0915711856595292,1.5621735174935625,True,2.235786027925631,2.5164360414635567,True
186,197,1997-07-01,2.033151272315188,4.019930804698369,True,0.39007709879927366,1.8464552117699922,True,0.7741995944213139,1.2128999840969639,True,2.3356496093489603,3.5858105602122574,True
187,198,1997-08-01,0.9574054335101619,2.9752876967908035,True,0.5814337322595253,2.625481622843107,True,1.2438686917069803,1.5798692532828014,True,2.546048674988786,4.06459354056383,True
188,199,1997-09-01,0.12579505853808443,2.517450176738744,True,1.4224910802958701,3.646725948929762,True,1.944961799089178,2.1537319611612347,True,2.542796933944031,3.668446707438358,True
189,200,1997-10-01,0.23107304295647962,1.8545470193506115,True,1.4263104074314765,4.805260383747025,True,2.002743354806521,2.1455637846340525,True,2.67797356804454,3.1965435218801153,True
190,201,1997-11-01,0.2440920514149139,1.5282481428418575,True,1.8328026767818157,4.790319459022409,True,2.0279634585572244,2.363567731223306,True,2.7054673761560557,2.971369752598257,True
191,202,1997-12-01,0.24573815040541266,1.2023919974802613,True,2.047862172664317,4.313777912422286,True,2.2335439572626554,3.4686320142221323,True,2.426196748068005,2.6779462616234495,True
192,203,1998-01-01,0.8234376135401624,1.8819565678405146,True,2.0799289333486115,4.390825407520168,True,3.16522723522576,4.81001187160108,True,1.109967006075123,2.357656138072,True
193,204,1998-02-01,0.8618697810968581,3.4807331436297058,True,1.6621307921970183,4.551155397526364,True,3.5656405794710144,3.5656405794710144,False,0.11190490694221383,1.839847449770707,True
194,205,1998-03-01,1.030068154319748,4.560426626058634,True,1.1235122386268968,3.955087234489578,True,3.778438591916977,3.778438591916977,False,0.22948259154851403,1.474674093772368,True
195,206,1998-04-01,1.1361249608564672,4.891718035356485,True,1.2331052685019515,3.6119341500677136,True,3.649977765606864,3.649977765606864,False,0.5139267935552296,1.5706964296949073,True
196,207,1998-05-01,1.7068607748143108,5.2557868846707825,True,1.158033814969423,1.9133693545602748,True,3.106634294896677,4.439786301222491,True,1.2191685533178607,2.0402427744998253,True
197,208,1998-06-01,2.1331086545102544,5.0436955721281365,True,0.6020858218746398,1.8567769607787012,True,2.193354315364376,3.3233896450123925,True,1.6469180569192812,2.257317570884967,True
198,209,1998-07-01,2.323702617758613,5.0568165055086,True,0.1301010648981895,1.7397658564858,True,1.1538640577750305,2.0987077721544267,True,2.167250347351426,2.6953508795558387,True
199,210,1998-08-01,1.7304921521103311,4.535404359729775,True,0.18979960483153396,2.1892233271416166,True,0.9365924080620583,1.8647979519750097,True,2.2866318447838823,3.002273681932239,True
200,211,1998-09-01,1.0583138389668947,4.039430517249486,True,0.1376114046845182,2.410335624936259,True,1.1953844746888203,1.9234534608970915,True,2.4556382458079473,3.7714249108116418,True
201,212,1998-10-01,0.6276816504244054,3.7809561069077673,True,0.6963430190364631,2.1596536637040957,True,1.060380739765737,1.8548334236225217,True,2.962414153279173,4.328837752808638,True
202,213,1998-11-01,0.08869317202252085,2.7895542968173683,True,1.449451918884281,3.2391148938558048,True,1.2041212289731094,1.9106467489222054,True,3.2734438514640383,4.347298269926633,True
203,214,1998-12-01,0.1228420165285049,1.6879562266517452,True,2.1645389586535306,5.401764996330278,True,1.0964652105408892,2.435299206350195,True,3.435949871452241,4.060542820566411,True
204,215,1999-01-01,0.16574602429427282,1.5015724734421354,True,2.3119762076660733,5.511461069429463,True,2.1971636966143167,3.1696714563660735,True,2.876599024504185,3.317280786012119,True
205,216,1999-02-01,0.7251428248526248,1.9632993858619416,True,2.0353958293956778,5.290780071745187,True,3.244620227662824,3.944530967622159,True,1.737179699965507,2.6733642178643793,True
206,217,1999-03-01,0.5303362332466239,1.8083469846724063,True,1.4949110187535497,4.95234072126426,True,3.53118945083871,3.53118945083871,False,1.1630007057031193,1.7842707242311602,True
207,218,1999-04-01,1.0269028626542995,4.207112136786955,True,0.7668103760912603,2.7893783765478086,True,3.611612079989661,3.611612079989661,False,0.23146965544242204,1.1855488932625726,True
208,219,1999-05-01,0.9060194687228019,4.603059822500619,True,0.7345827009159525,1.8842872085603215,True,3.179014594700069,4.655155214038267,True,0.59819007025256,1.2089898947929965,True
209,220,1999-06-01,2.130457533369386,5.211847291366352,True,0.6141955493700195,1.2517465691348693,True,2.017846831680634,3.5920589219703514,True,2.171233211978423,2.357477280621534,True
210,221,1999-07-01,2.380221120088732,2.380221120088732,False,0.7458128872497269,1.5688490536802355,True,1.466512290528882,2.0707939895455914,True,2.493001604869892,2.6792369180781104,True
211,222,1999-08-01,2.2407409297047245,4.9864529756558165,True,0.6199312079297604,1.6212975575156428,True,1.1044931346676197,1.8747792775356977,True,2.687210713651922,3.0689577276600897,True
212,223,1999-09-01,1.4064209058589383,3.9540960708171102,True,0.6199312079297652,1.85432092468654,True,1.0968562010473712,1.6754982318619096,True,2.798839136512968,3.7896868241184056,True
213,224,1999-10-01,0.8471290860510631,3.350483139357965,True,0.7725824760666938,2.3035957030803407,True,0.6656301158800858,1.5754113275839252,True,3.3200555715188456,5.360603798709919,True
214,225,1999-11-01,0.5697236670192392,3.184580165442366,True,1.3044208337090322,2.5301526971870416,True,0.6162737633850931,1.5593123516462237,True,3.585920055646213,5.303031636473682,True
215,226,1999-12-01,0.48873526297369524,1.9656436082206608,True,2.0758005229237,4.6914242337012775,True,0.7966102804370431,1.9209023524690436,True,3.694221392725635,4.788858178211567,True
216,227,2000-01-01,0.5312640530416832,1.5831904850030898,True,2.3956096899729897,2.3956096899729897,False,1.412723704326412,2.8009565085750374,True,3.4613228533504907,4.009507707744858,True
217,228,2000-02-01,0.647430186652464,1.6151022698535045,True,2.381045795097195,5.583337911372898,True,2.7163527506899476,3.445862806172298,True,2.5064487417310346,3.2538886443252637,True
218,229,2000-03-01,0.825789742947417,2.217356711588119,True,1.6343718685906115,4.733503421244241,True,3.4734734493715798,4.311630828500869,True,1.5381505946137235,2.245505568710355,True
219,230,2000-04-01,0.9771839915788815,3.0036978954315785,True,1.2027486040350281,2.8057668983594177,True,3.418698364585762,4.684566022302306,True,1.0483819537551315,1.8672472486946552,True
220,231,2000-05-01,1.5814315106604007,4.553316121749714,True,1.082601197586293,2.169644831466845,True,3.102749251947593,4.617447630221648,True,1.03876783230947,1.8875759042273725,True
221,232,2000-06-01,2.1616962412669163,4.564083903402767,True,0.5913638988141868,1.6003065365016205,True,1.6941274656414975,3.3565133416409054,True,2.281920486392088,2.485884363729841,True
222,233,2000-07-01,2.4183033399588982,2.4183033399588982,False,0.41446240137132695,1.1739384856269421,True,1.289555765193286,1.750664319043306,True,2.4818104434543242,2.669441610433973,True
223,234,2000-08-01,2.200148257283977,5.0950531645598245,True,0.34380897311604597,1.4263652162265916,True,0.8247626464230395,1.5364547670494741,True,2.7870969079134778,3.252991303215198,True
224,235,2000-09-01,1.2986405430741537,4.109165611082668,True,0.3061455952977474,1.2326526815198096,True,0.7322600081898201,1.0725149261795526,True,2.941837545085545,3.9072823533829495,True
225,236,2000-10-01,0.42844642035703556,3.2816575304063766,True,0.3612636255594496,1.5715950730045147,True,0.4414401058799592,0.8994180976404049,True,3.4036442933581967,5.121314905110775,True
226,237,2000-11-01,0.29591062837433574,2.0019006565390636,True,1.1673637643711807,3.2164207540037513,True,0.5402216087841438,1.0954045772850427,True,3.6187492878842478,5.148691006520266,True
227,238,2000-12-01,0.26553273577115,1.0934198039079035,True,2.0020917949295964,4.989094372319097,True,1.1807278251840145,1.7867856987845219,True,3.5151508458227876,4.1589406095131976,True
228,239,2001-01-01,0.18394879650679158,0.6833181945573918,True,2.4210174421027855,2.4210174421027855,False,2.087631149568247,2.9273899204000604,True,2.959630686565702,3.3242879019536167,True
229,240,2001-02-01,0.38964985984430484,0.9552935209796977,True,1.9263373045409973,5.328987203001548,True,2.8888896389090353,3.3983184862416143,True,2.0246982048701563,2.3343350815417043,True
230,241,2001-03-01,0.5082551403088239,1.927706308719802,True,1.085604487875303,3.7695643766008047,True,3.3079493251581376,4.379413590211273,True,1.1514373482450397,1.3925553653264477,True
231,242,2001-04-01,0.7836985771256338,3.1422469057871054,True,0.568942896317217,1.5555674660419172,True,3.0536109102944096,4.6793631936215885,True,1.3040801763008851,1.491659680486367,True
232,243,2001-05-01,1.8021991929824412,4.97518583934449,True,0.27705791448309974,0.9650439987224099,True,2.3605612391237627,3.2905761846736867,True,1.7970519829169411,2.0045082469742455,True
233,244,2001-06-01,2.3190267237581508,5.541576741392674,True,0.27322723754434625,0.9876750040308919,True,1.2313641470722123,1.928842119673686,True,2.419375826590574,2.6231618373766854,True
234,245,2001-07-01,2.1896848553201607,5.6448944348707935,True,0.12465031107269092,0.9409923821511892,True,0.8190600325466788,1.5089584915678549,True,2.587166592929697,2.913590977252392,True
235,246,2001-08-01,1.553131028168297,4.192867738934455,True,0.12465031107269092,1.4347910129177561,True,0.3156752753822717,0.9594822153273684,True,2.939868906085836,4.096642087716353,True
236,247,2001-09-01,0.7434619728798333,3.4081009271083045,True,0.06466407007907218,1.6039323217269263,True,0.1705978795937153,0.9859492058309838,True,3.291022669391611,5.015976781994983,True
237,248,2001-10-01,0.1429452295454508,2.3935988943840667,True,0.7004596370598911,2.6199544461682835,True,0.16446540374459812,0.9761401632950417,True,3.5753845057543083,5.568923692674553,True
238,249,2001-11-01,0.5806305683798675,2.579472482194543,True,1.69575443157502,4.076168332475132,True,0.3022419131450045,1.5535734791090154,True,3.8863640565981465,3.8863640565981465,False
239,250,2001-12-01,0.32654875516081616,1.330441910611728,True,2.2723115687928366,5.544822888694576,True,1.284578436151161,2.525946357836966,True,3.7490020639296495,3.7490020639296495,False
240,251,2002-01-01,0.051087600707697675,1.2702418475270292,True,2.216488822368366,5.711169595953297,True,2.2120354479075184,3.041866002716038,True,3.1249105324342477,3.4053978032258385,True
241,252,2002-02-01,0.6438504755393433,1.5100715643471916,True,2.0728625528321043,5.667565979323911,True,3.2255461530404133,3.9099151929195166,True,1.896556996938209,2.742357674158006,True
242,253,2002-03-01,0.5648884520163426,2.707692007266001,True,1.363206733963114,4.818594705894206,True,3.5397223241312625,3.5397223241312625,False,0.5445534037572766,1.6362315875984068,True
243,254,2002-04-01,0.613976713073122,3.8856841376791995,True,0.4874324564941853,2.152570685573997,True,3.3803697489626514,5.002641980721962,True,0.41855876465886127,1.2072916193437295,True
244,255,2002-05-01,1.2474189049553528,4.501725614113748,True,0.8084517152086014,2.2666504604019413,True,2.909921497455285,4.5862929095967075,True,0.4943885229289729,1.425414545489003,True
245,256,2002-06-01,2.0443370188189465,4.984749657531478,True,0.4205663541769471,1.4830768202036357,True,1.8223356195074638,3.4126200587500226,True,1.909241341050816,2.2859432887324043,True
246,257,2002-07-01,2.2762203577703644,5.377248066703103,True,0.24162793088448895,1.488059689337252,True,1.0613936027225765,1.9028523308607765,True,2.3369758202268924,2.6800551871643914,True
247,258,2002-08-01,1.9999281598794796,4.701489012634179,True,0.28671865217654063,1.8942346149971951,True,1.2633340949369143,1.7004955568876048,True,2.4794866507096187,3.0368225608284876,True
248,259,2002-09-01,1.1238354821398377,3.9289148927176423,True,0.35459608538234977,2.2152325766985546,True,1.1229310671405979,1.5967790479378776,True,2.749776120361455,3.832881025430315,True
249,260,2002-10-01,0.6026589147203978,3.176770333882119,True,0.5765360411419554,2.678834492353489,True,1.3949888304931362,1.7905926024193837,True,2.9951046691163588,4.173810022428819,True
250,261,2002-11-01,0.6060358904492935,2.044603898379855,True,1.5068336363649624,4.0420126670577785,True,1.1732397065721338,1.763147842175853,True,3.285437598365074,4.438918259708696,True
251,262,2002-12-01,0.5840076587546235,1.5869584945730104,True,2.2666899214764666,5.3712502613791475,True,1.7274550686105306,2.2350528841346375,True,3.064608779611244,3.5991436026525427,True
252,263,2003-01-01,0.5397314561866354,1.1453824748384112,True,2.459909820193258,2.459909820193258,False,2.432397280404182,3.080171172068735,True,2.5004669123932683,2.995745892828762,True
253,264,2003-02-01,0.5992415042388586,1.4548242311344441,True,1.8117478617105587,4.9272290256016555,True,3.0546536075887794,3.9671237999100164,True,1.6234295801745307,2.029820980968769,True
254,265,2003-03-01,0.6971818664429767,2.8993458251056947,True,1.1034370632925004,2.9259193435753743,True,3.4626476761107186,5.1193984297508734,True,0.8051005672450855,1.1440984306960473,True
255,266,2003-04-01,0.8573568267368474,3.1174390763058604,True,1.166453163620131,2.5919218162077247,True,3.308346453558024,4.799547331804192,True,0.8011744846974018,1.1327984254248684,True
256,267,2003-05-01,1.9291672008677652,5.500532566656872,True,0.8331597327394726,1.2550992631609217,True,2.5253698917508483,3.4576950307062972,True,1.5807205469524792,1.978466982138942,True
257,268,2003-06-01,2.382830167248613,2.382830167248613,False,0.4786067496182973,1.122806752937682,True,1.6190304711089352,2.293719181608891,True,2.3504681934098026,2.550359832536066,True
258,269,2003-07-01,2.2693632687509755,5.7597673754995915,True,0.14391915986694356,1.1312590734034333,True,0.6207315070179611,1.7683381607866873,True,2.888748563333924,3.3749087182587862,True
259,270,2003-08-01,1.3375537874642915,3.5611103923337204,True,0.43227585486877107,2.2029523741530914,True,1.1299875258661447,1.6813119348069216,True,3.0127158981855238,3.9958903468070015,True
260,271,2003-09-01,0.5652720876948345,3.12385631530497,True,0.3315194719945205,2.659843267479876,True,0.9859607903847749,1.6137663699439444,True,3.253948188739775,4.751969373157876,True
261,272,2003-10-01,0.14757637421873257,2.647102306597226,True,0.8624700607654124,3.1072021140298074,True,1.0554526562698667,1.6434067092175966,True,3.3360011245494174,4.553358315375421,True
262,273,2003-11-01,0.13009524496210556,2.283975002200238,True,1.8198131676742748,4.626115536756952,True,0.6539566868230078,1.8971366749036365,True,3.3816082861267827,4.290888574393592,True
263,274,2003-12-01,0.15079984713871322,1.7221386528811025,True,2.3622259448759753,4.899601725383378,True,1.192121234811336,2.7401095139523637,True,3.1156477801607125,3.852552287384825,True
264,275,2004-01-01,0.7181848450330809,1.7509771733004764,True,2.299731195555547,4.943003983473045,True,2.2941809872903014,3.4041931414447197,True,2.2664664765273286,3.055769924966091,True
265,276,2004-02-01,0.5011745078908522,2.296860011251623,True,1.7686742571807765,4.969712805112628,True,3.197975469370001,4.434248291841173,True,1.2500742444784216,2.358373240375552,True
266,277,2004-03-01,0.5339513977540974,3.1479264950155548,True,0.8729796354375744,2.4921319955312016,True,3.3213929138546026,4.30283843188222,True,1.3391238112313415,1.9939387563961732,True
267,278,2004-04-01,0.7936155369764497,5.106478542099381,True,0.4831495554100848,1.9928556130108726,True,3.151583117646708,3.762321812977124,True,1.4965587998344483,2.0467216090672706,True
268,279,2004-05-01,1.428073002019034,5.403700090273287,True,0.4951715981877929,1.8866862413274066,True,2.3208557020332696,3.075367996774245,True,2.0754515620367857,2.4201855784513384,True
269,280,2004-06-01,2.089614443706613,5.363287592524265,True,0.5328321147861383,2.0500196695112844,True,1.6367420885009625,2.3558793389458197,True,2.3832009811394017,2.88215390686652,True
270,281,2004-07-01,2.281583389900719,4.409003093446861,True,0.8206101434492998,2.2315984536641698,True,0.5742032696919639,1.9015953111719681,True,2.6975471449522703,3.699163914839303,True
271,282,2004-08-01,1.7784612160154372,3.538449812933515,True,0.30103294542051795,1.993590710169137,True,0.6485973572754106,1.6124680860300935,True,2.4913551261187674,4.310161250157304,True
272,283,2004-09-01,0.7740982012366077,2.994770132653792,True,0.5301988276141906,2.627664021221265,True,0.42734678175384,1.5451814098851409,True,3.072878468690813,5.287034612931341,True
273,284,2004-10-01,0.3325408506259687,2.8630970319701072,True,0.7460899584908376,3.2179072743461266,True,0.5000872808737816,1.54704338091122,True,3.5539877025639584,4.925024175065973,True
274,285,2004-11-01,0.28722745614675566,1.8836869609340794,True,1.587890553170981,5.116963305512011,True,0.9314581387651598,1.9886940053711286,True,3.711601193107777,4.344840480825539,True
275,286,2004-12-01,0.2872274561467658,1.6018170604377902,True,2.285414037716844,5.572824717646064,True,1.7568244164347542,2.9005164304585467,True,3.469033130662419,3.7184881658582714,True
276,287,2005-01-01,0.5254136461772414,1.7953084624663311,True,2.4675924106359424,2.4675924106359424,False,2.5893307683206497,4.380980414202267,True,2.813124763255533,3.1237550818394206,True
277,288,2005-02-01,0.9529543128886558,3.5147820772753136,True,2.0929995116243583,4.964582766904734,True,3.5921664540816285,3.5921664540816285,False,0.6370972447762457,2.2908143493248474,True
278,289,2005-03-01,0.8762654214884361,3.7343595200735527,True,1.1666213802250058,3.445535831507588,True,3.5353149007916524,3.5353149007916524,False,0.5257081083801354,1.2894341699228475,True
279,290,2005-04-01,1.165368820953871,4.4984013503366596,True,0.7262677065382811,1.6530981304855914,True,3.429506875058302,4.788921586352113,True,1.000512008386784,1.579273947351868,True
280,291,2005-05-01,1.3265142506121999,4.828504959881943,True,0.8757518253712505,2.2557091061122287,True,2.9351784854679184,3.7218757336382042,True,1.2004375443701325,1.7338593222141703,True
281,292,2005-06-01,2.089382396274037,5.178495057166049,True,0.9829470178152475,2.0661766224183884,True,2.291162990075206,2.7129508727942238,True,1.446360701991572,2.29697400046601,True
282,293,2005-07-01,2.398214080135434,2.398214080135434,False,0.7678260894153555,2.1795500286125202,True,1.8408976955197387,2.294412699474222,True,1.6378556783520062,2.361081094757767,True
283,294,2005-08-01,2.275128671928949,4.971362140830494,True,0.6771632493680924,1.7395450679012092,True,1.4684391483486483,2.212259108988454,True,2.205799865846775,3.4110349030141376,True
284,295,2005-09-01,1.4720095085439713,4.386493778812815,True,0.7683398701138318,1.7495287062643827,True,1.1363516534487532,2.0273376755889485,True,3.026255684289145,4.2301968282614055,True
285,296,2005-10-01,0.8656627966358846,3.3318376794164424,True,1.0088741839212139,2.6043988842899366,True,0.7247969370606899,1.686081399800654,True,3.693264609750544,5.3820566876875375,True
286,297,2005-11-01,0.9136931475135847,3.293492587026899,True,1.2992833714444636,3.9701822142584695,True,0.7398605374476257,2.005762497246079,True,3.955430507602065,3.955430507602065,False
287,298,2005-12-01,0.7501554473491175,2.0484437398349704,True,1.9779788771177247,4.852071127559329,True,1.4620148516165876,2.2879831079042763,True,3.7662245787971798,3.7662245787971798,False
288,299,2006-01-01,0.5702346814172379,1.6506456481703695,True,2.526722518235177,2.526722518235177,False,2.5620224858815024,3.742596614249479,True,2.9616497685774554,3.6463401094798,True
289,300,2006-02-01,0.8033999135900517,2.1893747786398103,True,2.0171610827477604,5.8183444262694515,True,3.4227731385100353,4.132172731162927,True,1.325443486433947,2.6177507526367663,True
290,301,2006-03-01,0.811474971054551,3.1233110337399035,True,1.1030040610405778,3.850902856173785,True,3.423974108364171,4.340250982120923,True,0.8991050026159587,1.5296997060666713,True
291,302,2006-04-01,0.6806813158455827,2.641001037349045,True,0.7356435897847421,2.981168646034831,True,2.9971830229998133,4.600201935395023,True,0.755931320457772,1.3791874549891348,True
292,303,2006-05-01,1.3140889200880363,3.870358074543567,True,0.6937896665982469,1.6140510059973443,True,2.473529868574088,4.312581052212034,True,1.0573811386512726,1.4940768381887046,True
293,304,2006-06-01,2.1153501889525943,4.2768758209172635,True,0.3970804380225244,1.4217587214583647,True,1.7868085249593983,2.87727623846935,True,1.570363507218207,1.8893421289084693,True
294,305,2006-07-01,2.4137962717389185,2.4137962717389185,False,0.23295417180038308,1.1330017026657146,True,1.3894132287358685,1.9243482617807521,True,1.7617933598622337,2.1205262493184893,True
295,306,2006-08-01,1.8370247059856104,4.773324490276106,True,0.22451308611497514,1.7472689362764167,True,1.5098538235282557,1.7237849173997783,True,2.103677968373609,2.8082138153712886,True
296,307,2006-09-01,0.7827808873597365,3.9379774203698172,True,0.2687812361043408,2.076321838628011,True,1.3149943481258983,1.6105910121691804,True,2.7006673943860244,3.937390787707682,True
297,308,2006-10-01,0.5856881936147641,3.5832195233907886,True,0.41906953427942584,2.1925302580454336,True,1.1996374950215445,1.5329877517373067,True,3.236997879498602,4.663852376160278,True
298,309,2006-11-01,0.26662683707442175,2.577513026825071,True,1.4722587709031865,3.5264273768574466,True,0.3588927616014491,1.2095390350555768,True,3.6938154030306545,5.1818566510519775,True
299,310,2006-12-01,0.11829706913775871,1.1335667250369907,True,2.39525051950764,2.39525051950764,False,1.4391413614771607,2.489062023310855,True,3.478935615450975,3.9376871349958065,True
300,311,2007-01-01,0.4989176592654786,1.1297064567966586,True,2.5444672135570316,2.5444672135570316,False,2.5561699382794703,3.423260880067372,True,2.58772806219198,3.2317926611471406,True
301,312,2007-02-01,0.658477351307514,1.8333817812108144,True,1.6292372461107976,5.24523611642752,True,3.3764059423792236,4.212275394035557,True,1.3485581591180775,1.9579606321234875,True
302,313,2007-03-01,0.44095009158801396,2.2672912570337496,True,1.2060333443439717,4.4382489905219265,True,3.55370436164206,3.55370436164206,False,0.6637101711108837,1.5042353999026583,True
303,314,2007-04-01,0.4347673999887303,3.8271037975462376,True,1.268967462358469,4.034238349181071,True,3.5021301364087156,5.414063561262707,True,0.08535076083229298,1.4153904664560233,True
304,315,2007-05-01,1.378025720462325,4.868936650877181,True,0.6409939096671009,1.5630293231449899,True,2.9970228813343818,4.54652097202048,True,1.221707663689756,1.6162595666238047,True
305,316,2007-06-01,2.105587332904451,5.329696234102886,True,0.5096307273709259,1.4396301468656647,True,2.253504855250712,3.254999596631018,True,2.3049668092393434,2.47881543306528,True
306,317,2007-07-01,1.937829192848813,5.434801163045901,True,0.4721247370854984,1.5847199334941127,True,1.3115514863398505,1.6874795494223058,True,2.638654949066793,3.1404354860503565,True
307,318,2007-08-01,1.5162110837370175,4.8894798849668275,True,0.4524780086511433,1.7883480750413048,True,0.9061388035955064,1.477674808979829,True,2.6213838022519402,3.2405463693397545,True
308,319,2007-09-01,1.4574501520959606,3.774886264187248,True,0.49530235610536355,2.1888165652097875,True,0.9782853739330123,1.5085012837696945,True,2.6744472993474515,3.939145438123947,True
309,320,2007-10-01,1.0826328878327487,3.1504569221684147,True,0.7121310435750341,2.4234699561382715,True,0.8556220180367746,1.4301262351210104,True,2.8861051065052616,4.737483084415236,True
310,321,2007-11-01,0.5485308672959364,2.5150247939184767,True,1.6926990055015505,3.540767183225852,True,0.7069029688232465,1.5147778098363305,True,3.16476727041772,4.990556532323295,True
311,322,2007-12-01,0.5376113678404815,1.859425849488826,True,2.1658717839694153,4.911990430987828,True,0.8158925644857338,2.111088006733893,True,3.3333946504280725,4.417308901429246,True
312,323,2008-01-01,0.6182525740945968,1.7073472678561745,True,1.9761261919168394,5.259086271982228,True,1.604928187832831,2.5234888659576944,True,3.1659467101142718,3.5998024399330726,True
313,324,2008-02-01,0.6198119095282623,1.6251782126988084,True,1.9794117558384006,5.2999197885739,True,2.5432974259977397,3.3356859946220596,True,2.8736562863226904,3.1336854980360895,True
314,325,2008-03-01,0.6657484666849202,1.9730353312843052,True,1.993979269190501,4.133230000327548,True,3.1451516550921452,4.766046909488854,True,2.4072855955015955,2.56191914874929,True
315,326,2008-04-01,1.0429791740929035,4.049737627854453,True,1.3747903662725727,3.3161536879125566,True,3.592004569182664,3.592004569182664,False,0.8742836074704552,1.3127269977172262,True
316,327,2008-05-01,1.9281253042596946,5.610425232034493,True,1.0742155504004391,1.6465939134227987,True,2.859931612900166,4.182198217428554,True,1.8789826184319927,2.4122040745639035,True
317,328,2008-06-01,2.271440132042553,5.645993201206033,True,0.5609246811692677,1.4138449139109197,True,1.6708437618520342,2.864142219277435,True,2.8914329907272887,3.046286766173652,True
318,329,2008-07-01,2.363612771305574,5.708300964480447,True,0.6781982646392799,1.5588294539495482,True,0.8612132953258796,2.1114393439378123,True,3.322379665563933,3.9526574310125917,True
319,330,2008-08-01,1.7627075622118817,4.325877249517129,True,0.7090414733390709,2.041424158913604,True,0.614263301682967,1.2650065555883316,True,3.2715197218615937,4.290987966334718,True
320,331,2008-09-01,1.1972102827799909,3.593410182916062,True,0.4463000144512508,2.0171619362792943,True,0.48580246327319454,1.127885460276398,True,3.23122001555009,4.833972980992896,True
321,332,2008-10-01,0.7156467175083178,2.9903499244066576,True,0.5219105136685438,2.3796509548363707,True,0.3891469947113031,1.0901392526632723,True,3.395018373802828,5.712761925984843,True
322,333,2008-11-01,0.2518687151460737,2.505383379090314,True,1.2724381894074233,3.514566718408529,True,0.318192440386019,1.3207980632318317,True,3.5529626358877,5.578592199014193,True
323,334,2008-12-01,0.24429536679201758,1.2355652431551334,True,2.0778436552447337,5.031183282179417,True,1.3189600611296166,2.2083023229209218,True,3.42185634170908,4.068713470862674,True
324,335,2009-01-01,0.2680058293922687,1.1742855512017512,True,2.218313215179636,6.0626967186277785,True,2.020079121919967,2.8142524782109843,True,3.028295041596068,3.394496354920458,True
325,336,2009-02-01,0.3508879888806859,1.563459406605525,True,1.6388405256796068,4.9228112577175684,True,2.723892094100195,3.225857921288577,True,2.502000184864562,2.719103647891234,True
326,337,2009-03-01,0.8659043000806526,2.89221909072187,True,1.457574446936742,2.755137746321829,True,2.83519882237843,4.374274731465684,True,2.4683737157536045,2.6433177991897745,True
327,338,2009-04-01,1.1661527271781622,4.282560599319051,True,0.5242027042133254,1.7682163384470482,True,2.777327235486528,3.806273737261525,True,1.6141674369324428,1.9432829889332737,True
328,339,2009-05-01,1.9554631306623977,5.143018635810593,True,0.5022270362751308,1.8127058697883522,True,1.940617269416059,2.588334650554806,True,1.6702449934310577,2.077397092897681,True
329,340,2009-06-01,2.50031915973728,2.50031915973728,False,0.333328527030459,1.413578973813352,True,1.2616790111192129,2.0649245809093872,True,2.0828011884868727,2.55859159602934,True
330,341,2009-07-01,2.107203348519587,4.040523425833262,True,0.2789468908146846,2.0467787345503057,True,0.4788998037052345,1.5836829773237264,True,2.388398943710656,3.8853419515930017,True
331,342,2009-08-01,1.0674949182944307,3.1071203232215066,True,0.7792993341490708,2.8058075210898856,True,1.1705086849422264,1.8906714540305627,True,2.5789695303037883,4.170381544514767,True
332,343,2009-09-01,0.32057180303958677,2.9033253552417593,True,0.9148776144045516,3.3243792273225456,True,1.3184139431367357,1.9355797162061406,True,2.8487513615550717,4.098477198109583,True
333,344,2009-10-01,0.3641775433561363,2.5974351578573383,True,1.154112315713673,4.0731634430979,True,1.3494666511799966,1.9828536624791022,True,3.1916641073082483,3.8916432407791066,True
334,345,2009-11-01,0.3457207740877086,2.2419831849553917,True,2.044273893063048,4.663308001499225,True,1.1645141542045,2.4569721533316313,True,3.419880305453328,3.8464606373844994,True
335,346,2009-12-01,0.38071399959715013,1.6276628172537326,True,2.393298256741004,2.393298256741004,False,2.1101815508423316,3.4598233385898998,True,2.919101814287253,3.418250063708964,True
336,347,2010-01-01,0.8944774387626431,1.8084094440568097,True,2.2168071780468614,4.826128761616237,True,3.100197759153981,4.590877982592269,True,1.661324755928936,2.680666127120652,True
337,348,2010-02-01,0.9528069531670856,3.7608407751783988,True,1.9707507774424928,5.047966795259405,True,3.6520701620236924,3.6520701620236924,False,0.4902289925284904,2.1147752039317687,True
338,349,2010-03-01,0.8257888656066715,3.919706310063,True,1.2380479605811219,3.7525908540808954,True,3.760045615513407,3.760045615513407,False,0.5234166895160621,1.2781728662357488,True
339,350,2010-04-01,0.9867485183951149,4.344142127070192,True,1.1465280886528648,3.4392116045063985,True,3.6092954905936523,3.6092954905936523,False,0.5913715494823082,1.4107238431609357,True
340,351,2010-05-01,1.6687914736339875,4.791854888292336,True,1.233567272489227,2.2011875320383845,True,3.0699919902246413,4.7601464458147715,True,0.9982805744009665,1.992872453695684,True
341,352,2010-06-01,2.130719439184168,4.697891998879999,True,0.5871636478983939,1.4161415796029824,True,1.8861482337173097,3.382840406765729,True,1.8827246922072527,2.2695273324027254,True
342,353,2010-07-01,2.457108997921632,2.457108997921632,False,0.41669879237308477,1.567506198740813,True,1.070196294012081,1.9271030192290706,True,2.3011708423402513,2.6318839342397333,True
343,354,2010-08-01,2.0654993823526993,5.484231139466395,True,0.3327113700388017,1.404122714343677,True,1.0328087566246618,1.789947234787291,True,2.5176904984117536,2.9780885821122753,True
344,355,2010-09-01,1.3644762862026674,4.097765576322475,True,0.3327113700388017,1.724936592576794,True,1.0016316924883824,1.5100929674467203,True,2.8684639718381377,3.6342367297425104,True
345,356,2010-10-01,0.7772784471329373,3.362288819874108,True,0.32553380335696624,1.9861913459616656,True,0.9594176021934773,1.4727448095429996,True,3.276208536888214,4.676354727131459,True
346,357,2010-11-01,0.3237588310773305,1.9705870153456126,True,1.0182300594041396,3.323411996620698,True,0.8916346189394497,1.4776529473108964,True,3.4284658009196103,4.731035730861265,True
347,358,2010-12-01,0.27619387669033674,1.3234580953917308,True,1.9805730083096034,5.100180023183523,True,1.3283372614035527,2.050201835746172,True,3.347566538865392,3.94636073972012,True
348,359,2011-01-01,0.21487114371994814,0.9609846445297816,True,2.459891074527194,2.459891074527194,False,2.104980015284631,3.1319080304375944,True,2.8397465969555458,3.206880916258353,True
349,360,2011-02-01,0.31841516211970694,1.5605803507612197,True,1.8836363737063384,5.156026363790747,True,2.873624610452065,3.3681100841898077,True,1.7938166225906844,2.25185620084107,True
350,361,2011-03-01,0.3051872903081047,1.5295507249464133,True,1.3525000274933245,3.706362003058535,True,3.1029478367551677,4.285294662221382,True,1.4189359551423144,1.6380174357700508,True
351,362,2011-04-01,0.4631928522243509,3.0071684581775067,True,1.0640926311368182,3.3315647792400447,True,3.274496159250385,5.457165038368526,True,0.34928065408372194,1.0749856533896458,True
352,363,2011-05-01,1.261929457357207,4.699172864975606,True,0.9337247220501096,2.2487018447668947,True,3.094343708778476,4.407603380135129,True,0.45984745875102107,1.2893201581541924,True
353,364,2011-06-01,1.9224160856587407,5.535816926179258,True,0.9611471709856376,1.4105376814017214,True,2.621432578454058,3.227120407768955,True,1.3874602327518177,1.8151561318908358,True
354,365,2011-07-01,2.360924759309328,6.0848077172525485,True,0.7933790129349063,1.2545608397740031,True,1.905199032204931,2.460862389150671,True,2.290684671790822,2.7361862491510465,True
355,366,2011-08-01,1.7897364573659091,4.852596438664114,True,0.6860619419124105,1.514163755876629,True,1.1585814114301247,1.591036940614349,True,2.9238547975109648,3.382906937835832,True
356,367,2011-09-01,1.2982339867569948,3.954609048548632,True,0.6860619419124159,1.6756449353101208,True,0.9174816053060174,1.4415692232929893,True,3.2695527067113974,4.147286158804737,True
357,368,2011-10-01,0.8829533301300868,3.1461834133907454,True,0.7188815313574308,2.524877059862065,True,0.711255691008503,1.3357897762044446,True,3.5325952196992505,5.555425714587859,True
358,369,2011-11-01,0.58817880838848,2.510956281813582,True,1.3954411930985033,3.4607232671829373,True,0.6583426700344602,1.4975920658072368,True,3.607118778424573,5.555790766008927,True
359,370,2011-12-01,0.5881788083884678,1.4517955194259242,True,2.297668185796801,4.797335804621271,True,1.2358673841763896,2.381887933821099,True,3.453995084888682,4.249887322880119,True
360,371,2012-01-01,0.6246469641421882,1.382723163728003,True,2.482802342999514,2.482802342999514,False,2.172822138646287,2.938680113223303,True,2.8136638279099047,3.331261204176259,True
361,372,2012-02-01,0.7437559230105022,1.728010324567188,True,1.759025956941082,5.078855399080788,True,2.740043528774471,3.1536802975920875,True,2.262245899077011,2.5703864985663785,True
362,373,2012-03-01,0.6416936696939924,1.6422216739299111,True,1.9297928791104706,4.6548252247698185,True,3.271224276581062,4.121868513177446,True,1.6496142584920077,2.391957695714233,True
363,374,2012-04-01,0.9276253553264274,3.407048403659679,True,1.0012501575508705,2.104832824737295,True,3.300942808922831,5.007029061551797,True,1.534170779339272,1.931542762883402,True
364,375,2012-05-01,1.3684280535294664,4.883330257108114,True,0.6706738669161174,1.8197039280958407,True,2.853940809776333,3.7430835360792605,True,1.6681344429490679,2.0160079039099803,True
365,376,2012-06-01,1.9384879319122275,5.428626403820771,True,0.6706738669161261,1.823289187893083,True,2.206635954138898,2.564403749102462,True,1.9316026229875105,2.462971245995394,True
366,377,2012-07-01,2.2592967127577,5.508326886091933,True,0.5196931803025634,1.7942965586421489,True,0.8949179424557319,2.197825422521896,True,2.6168449057559076,3.3744333018659463,True
367,378,2012-08-01,2.119158545960493,4.245766705674487,True,0.5071530747938973,2.0434601521441227,True,0.7298408863448343,1.8905514651310062,True,2.6148225256128454,3.8014432661145094,True
368,379,2012-09-01,1.632728477137372,3.5464137201570054,True,0.551296729778463,2.2398393415830737,True,0.6704040443497353,1.8586579206374434,True,2.8752941808839028,4.681277817164029,True
369,380,2012-10-01,0.7359413066184768,2.7944349012976746,True,0.7785805380781445,2.8687572604890423,True,0.8540450081351671,1.9339588290137544,True,3.1219888077109648,4.870683286242019,True
370,381,2012-11-01,0.541844464181918,2.4859241591580097,True,1.3335355199960888,4.356130119349467,True,0.8879204414624711,2.1161156477515863,True,3.4631816817783334,4.492377121959233,True
371,382,2012-12-01,0.5418444641819183,1.910855203134548,True,2.0107091001173942,5.440149659072106,True,1.4787216691230796,2.637322333667879,True,3.3421429334623944,3.888328873530277,True
372,383,2013-01-01,0.5712622209618308,1.9715962381601715,True,2.3274187782471727,5.396432052778247,True,2.4853030182611686,2.992688504361835,True,2.689352396253552,3.222725658210576,True
373,384,2013-02-01,0.52636809567638,1.5806366299768007,True,2.232187688971448,5.321919263714594,True,3.0629358225542744,4.216198060868507,True,1.998491453367566,2.6899351614479556,True
374,385,2013-03-01,0.7988101502136218,3.6652209985929836,True,1.193318321795221,3.3776550626421358,True,3.543900573751497,3.543900573751497,False,0.5464034355254513,1.3339082846250438,True
375,386,2013-04-01,0.8375614270828285,4.099607811961397,True,1.0021116311814635,1.831686365477018,True,3.4872581067741475,4.862377538869106,True,0.9087825103471805,1.4451406517363468,True
376,387,2013-05-01,1.405310724134972,4.735029564973277,True,1.0021116311814595,1.4917485020015242,True,2.7917428515046936,3.6683662365567464,True,1.3952098084478044,1.7891340135643299,True
377,388,2013-06-01,2.352290099308391,5.664253851576257,True,0.8670147834254435,1.2541775840153266,True,1.964275494236224,2.5739019245755235,True,1.9451140028656178,2.5434527582139363,True
378,389,2013-07-01,2.6134416614863625,2.6134416614863625,False,0.4511554214454857,1.1904658110023838,True,0.6673879865487484,1.7973978818376608,True,2.7396041506204862,3.2779873559062875,True
379,390,2013-08-01,2.040409487628846,4.96696194213646,True,0.257193796535771,1.1754128670943436,True,0.4072543464167855,1.3607484120317546,True,2.9731596534045366,3.9590830357507585,True
380,391,2013-09-01,1.02887631156664,2.7954673538512256,True,0.3365112520197874,2.104941469833911,True,0.4708317091691082,1.0780306366983101,True,3.285022707915383,4.927425182003209,True
381,392,2013-10-01,0.5329453505216161,3.014187870000114,True,0.23539198163968247,2.040710483539622,True,0.5019928420616789,1.109544413491163,True,3.6097414406952715,5.1657755591158585,True
382,393,2013-11-01,0.3807032646097309,2.787049380036651,True,1.2746514535461404,3.660044661554157,True,0.5582653973523726,1.3795974275806682,True,3.882028396531442,3.882028396531442,False
383,394,2013-12-01,0.31562954871525317,1.4643101632109108,True,2.2060218681076367,5.227256089341756,True,0.847153474222589,2.2730126566716917,True,3.8388327673984244,3.8388327673984244,False
384,395,2014-01-01,0.5142956358369385,1.2578483836670604,True,2.577865201840907,2.577865201840907,False,1.804975863022771,3.1194344806900824,True,3.3094465478568798,3.6219344771934288,True
385,396,2014-02-01,0.4460854443747075,1.3894909294496645,True,2.078013440449539,5.226575819836692,True,2.8500001636930534,3.6763867243887187,True,1.9431922702886737,2.678329951996786,True
386,397,2014-03-01,0.24100280317505474,2.2932096675709746,True,1.3849501108607092,5.020557380503651,True,3.320811409300856,4.542320714183312,True,0.7739595140817422,1.823448782857234,True
387,398,2014-04-01,0.255384618751499,3.3243256080530648,True,0.6961423947559637,2.0811057446641645,True,3.298462783357148,4.424050191674753,True,0.6546444185062608,1.382947172683607,True
388,399,2014-05-01,1.0816024449816004,4.630503789976056,True,0.47749669948300283,1.4814094596228935,True,2.849120989352594,4.097622110196569,True,1.2351105638989415,1.6532270995568472,True
389,400,2014-06-01,1.8631674574375756,5.198347972641468,True,0.42482885135633786,1.3839435409966332,True,2.014931625006156,2.7798406119482015,True,1.791807647453044,2.1251815096807136,True
390,401,2014-07-01,2.2157459393987784,5.30976872863098,True,0.011824565442291934,1.246495837285404,True,1.1793502230992072,1.8786563314186646,True,2.4090682465768833,2.699973925638689,True
391,402,2014-08-01,2.1113769153239614,4.867495336175012,True,0.4288916034428437,1.573534258987295,True,0.7538129786661073,1.5906408439585291,True,2.77947981167126,3.439038325449746,True
392,403,2014-09-01,1.3659959983922272,3.8127204260067153,True,0.0,1.2596030220174304,True,0.6462945970539514,0.9313459281758326,True,2.908163303204896,4.170341970973459,True
393,404,2014-10-01,0.5088498636817488,3.2798263716869744,True,0.09692664870958431,1.4001365048780832,True,0.3600411458139427,0.853487267363093,True,3.4489218494764664,5.184890772614157,True
394,405,2014-11-01,0.336613693337688,2.735473590766881,True,1.1209164279626838,3.3971485799601844,True,0.016780373885762145,1.1163239763347337,True,3.8806298690004755,3.8806298690004755,False
395,406,2014-12-01,0.03313735062844225,1.4195462878272813,True,1.8867362297461883,5.311215208002379,True,0.5897758049874594,1.9922013748922465,True,3.9337176229251245,3.9337176229251245,False
396,407,2015-01-01,0.32007549394755025,1.1211849803992977,True,2.4440504137484846,2.4440504137484846,False,1.374859854129358,2.752890843609671,True,3.650173098556444,3.993158498549784,True
397,408,2015-02-01,0.7695577611400175,1.9278179983926609,True,2.605262025135373,2.605262025135373,False,2.076339893919946,3.8581041439563184,True,3.2051694463754425,3.379023866860073,True
398,409,2015-03-01,0.45750978038253537,2.0857337327695493,True,1.656711343485796,4.210498720077029,True,3.081379052956296,4.237872068204971,True,1.2237835366895433,2.192729969852495,True
399,410,2015-04-01,0.9856183381074815,3.7525864518917547,True,0.6158848183178349,2.133581363630678,True,2.8900320876104413,4.6405417755848815,True,1.4341672182619125,2.002879924799298,True
400,411,2015-05-01,1.890348307953404,4.701811460167653,True,0.27918177548891077,1.8146272748438488,True,2.369032597607668,3.602429458054737,True,2.2030518215140114,2.5116140210291436,True
401,412,2015-06-01,2.1200710376273193,5.679952794233099,True,0.052627953242763814,1.4354341712830705,True,1.627371835109253,2.273449453017808,True,2.463206087810016,2.727334414203592,True
402,413,2015-07-01,1.7846352231505116,4.670459287503849,True,0.16636151567495722,2.1727945907473747,True,1.1599314041050963,1.9090908477333282,True,2.4973333238581588,3.0182429861501845,True
403,414,2015-08-01,1.474961257938329,3.5127243500173755,True,0.4191278531325674,2.7825884187390675,True,0.9505131538280829,1.7660240068264739,True,2.593861417507224,3.9782667872631654,True
404,415,2015-09-01,1.1878983642513856,3.5339906123189064,True,0.4200444338685393,2.5171911270413196,True,0.9187179343111606,1.8151641081730028,True,2.7373491222957558,4.469863567264134,True
405,416,2015-10-01,0.3445155700779216,2.781913134963734,True,1.2071471349921197,3.0526279637538885,True,1.0753570649187054,1.879648273071645,True,2.962127474832934,4.569452218858612,True
406,417,2015-11-01,0.3662561307025044,2.05014645720889,True,2.011716811205932,4.972633106218772,True,1.08604009250688,2.109743873171307,True,3.173887712619123,4.111356522504444,True
407,418,2015-12-01,0.4828074641145696,1.5223293026865778,True,2.388811167009993,5.403608717144808,True,2.283572093120936,3.073362091981232,True,2.5650580133616394,3.34505838295538,True
408,419,2016-01-01,0.4405002113349397,2.021606372013453,True,1.7559290818906879,5.4581797826302125,True,3.0837865383996736,3.608193903264775,True,1.8162438599308668,2.562518041793307,True
409,420,2016-02-01,0.5267299198272775,1.5916046202746592,True,1.8499857557190427,5.1935103572862475,True,3.5719667840428926,3.5719667840428926,False,1.3119727929985496,2.2894482951017405,True
410,421,2016-03-01,0.5105688833935319,3.712804570988395,True,1.5644318064129363,4.649910811182083,True,3.716107844864924,3.716107844864924,False,0.060363937221675545,1.6150992273707745,True
411,422,2016-04-01,1.0124608870792648,4.315780406515572,True,1.0782879568224863,3.6067772552534034,True,3.5412118396077066,3.5412118396077066,False,0.2555527097530866,1.365875957978337,True
412,423,2016-05-01,1.4041103719923043,4.313171034057982,True,0.9456027989295918,2.6196559872990237,True,3.226563128822294,5.116972282267396,True,0.479546186007891,1.3930471686139196,True
413,424,2016-06-01,1.3436569898940856,4.533455727725962,True,0.6260156010665774,1.2062613985270025,True,2.640128260712529,3.656442435421219,True,1.202781458092064,1.6000424993643185,True
414,425,2016-07-01,1.8585684091490342,5.120724549381066,True,0.6259466105595817,1.2062255958437462,True,2.0008814437576183,2.4259862741821716,True,1.6802488302431728,1.9626644386784928,True
415,426,2016-08-01,2.1783527696358305,5.814443757925308,True,0.6533504569064803,1.3568695739212377,True,1.8356017857754985,2.0027346369006835,True,1.9518376184927666,2.3817078004449512,True
416,427,2016-09-01,1.552615452541592,4.604998313960595,True,0.0,1.481902148914099,True,1.2029334260329343,1.467362901040344,True,2.5189292848842557,3.2647375580866607,True
417,428,2016-10-01,0.6672114506424769,3.504604253553856,True,0.04755443342405519,1.736253291936254,True,0.918911365270987,1.2844706890736066,True,3.0252709265991298,4.481508364025771,True
418,429,2016-11-01,0.006608019253976259,2.378499069495134,True,1.00148045695831,3.004425736054294,True,0.12548672617871262,1.0752155373269427,True,3.442244388657217,5.485535671516789,True
419,430,2016-12-01,0.0,1.3834614831212448,True,1.7994542758819123,4.357703148469471,True,1.4710189339101283,1.745652535561565,True,3.256956621569601,4.00743900751295,True
420,431,2017-01-01,0.0,0.8021207689442647,True,2.156268146181088,5.946322654537869,True,2.0430442643991666,2.6062338505384126,True,2.9758685133354215,3.2967673534110804,True
421,432,2017-02-01,0.8450768571813163,1.2410183209105408,True,2.331268044026718,5.605473501016915,True,3.054394646008005,3.5018115506534024,True,2.0013393715893764,2.949360708494011,True
422,433,2017-03-01,0.9486268897184771,2.0148682434379444,True,1.360524370592205,3.962161604584324,True,3.404903318308332,4.38585538248133,True,1.2687907445068451,1.5701278437360657,True
423,434,2017-04-01,1.0285265209289864,3.1752214300590325,True,0.7407913816219553,1.8716410191944997,True,3.3960068093848994,5.166249327252761,True,1.0940227791794406,1.3206315551515695,True
424,435,2017-05-01,1.5468671832252372,4.907010387947815,True,0.6525637860313356,1.1780969991386376,True,2.805858825313558,3.808850195667937,True,1.5355462793056198,1.7350003795438482,True
425,436,2017-06-01,2.155449773673653,5.370567432641078,True,0.6063098348339007,1.0647342987579116,True,1.7432456796766598,2.3826002848564403,True,2.0431554119653623,2.235505982361926,True
426,437,2017-07-01,2.4482902222128806,2.4482902222128806,False,0.6172045909982262,1.2156835709321359,True,1.121491582941195,1.5285465826028328,True,2.242225824489061,2.6138432664906897,True
427,438,2017-08-01,2.169051303421477,4.792209755170775,True,0.5971432045063032,1.3245133375688083,True,0.8321184397959275,1.3675589405398003,True,2.48352143936812,3.5049255837427395,True
428,439,2017-09-01,1.2972781474751012,3.9039879635532913,True,0.576932904173215,1.494963549890024,True,0.6742665378290654,1.211562431675258,True,3.022427470951402,4.63053367679898,True
429,440,2017-10-01,0.6175871432938044,2.8884275883369703,True,0.6625504404100074,1.936640128065009,True,0.6420593583577011,1.077405074548473,True,3.5065996968198325,5.374891353331876,True
430,441,2017-11-01,0.5852536656210008,2.1502430668033363,True,1.4457575937563385,4.041966440152147,True,0.676752507481704,1.444299713011877,True,3.769400958549397,3.769400958549397,False
431,442,2017-12-01,0.6484045492733315,1.318167790284456,True,2.1348222958803493,5.399625827300672,True,1.2886632446712316,1.937825752254838,True,3.6879362607813984,4.127547155351761,True
432,443,2018-01-01,0.8418727080370068,1.4365059395608357,True,2.558225739039069,2.558225739039069,False,1.6862906963097253,3.1104441000362306,True,3.5239589265471114,3.7330747681519703,True
433,444,2018-02-01,0.30774398713984247,1.69530968768634,True,1.9407707844291715,4.015308510172145,True,2.6565024847921297,3.8346623970689437,True,2.545857462781507,2.6837250905136445,True
434,445,2018-03-01,0.8251493969483735,2.6501732483676377,True,0.9408973506815154,2.384098060990481,True,3.071559295640832,4.859795914319101,True,1.1581849555320183,1.5345391518594291,True
435,446,2018-04-01,1.725130782560111,4.655056403878386,True,0.52177545454608,1.212873535299185,True,2.2383335574346774,3.524895244036832,True,1.5420775430685247,1.7636766306651874,True
436,447,2018-05-01,2.34622469134973,5.3263218491420625,True,0.4870548889159605,1.2296290090613406,True,1.5769314628645394,2.0756863157479066,True,1.8934966470276327,2.148788827464077,True
437,448,2018-06-01,2.577158487019701,2.577158487019701,False,0.7086321091062506,1.3346205125013022,True,1.0847054442519724,2.0739218968650226,True,2.7267915935783127,3.152123129413403,True
438,449,2018-07-01,1.847788895693338,4.285907161543707,True,0.7086321091062552,1.6249837879407072,True,1.0439858947777634,1.5895481314432132,True,2.94457581475309,3.7255277843410637,True
439,450,2018-08-01,1.2398901682045176,3.911369778382138,True,0.48708161063559796,1.5152212234202944,True,0.6889810116186327,1.6977492118846251,True,3.4635197788296357,4.681358595644549,True
440,451,2018-09-01,1.0467463417177238,3.6613213920199184,True,0.6839886067046835,2.6435126322939726,True,0.41317749879944116,1.6070145666211102,True,3.8755872386729995,3.8755872386729995,False
441,452,2018-10-01,0.7506750072115241,3.3610457121776602,True,1.427352588723705,3.5576268618631763,True,0.2646956025407563,1.6418326430334769,True,4.0680339771554745,4.0680339771554745,False
442,453,2018-11-01,0.37029953537103116,1.610248868298345,True,2.1880982142108696,4.914237102027929,True,0.9632906282104369,2.536029235292165,True,3.896091063018972,3.896091063018972,False
443,454,2018-12-01,0.24655325097584085,1.680435333304141,True,2.245240259612493,5.198881535166263,True,1.7522574037883805,2.972348275447885,True,3.335770601582703,3.8740976642803773,True
444,455,2019-01-01,1.2334760489198575,2.035290357271059,True,2.4833747725729594,2.4833747725729594,False,3.1779583194124026,3.795539953736373,True,1.9293673617560205,3.334309748727257,True
445,456,2019-02-01,1.1224765991993522,2.2828083572102473,True,1.673473660934012,4.876204138089564,True,3.322762073460216,4.271479372919078,True,1.2622361658432644,2.0048371015900037,True
446,457,2019-03-01,1.0457975152549959,3.2064294988938324,True,1.150730986479718,3.6719946974190987,True,3.4691817732934536,4.601523934818868,True,0.8238362967103953,1.6358565734022357,True
447,458,2019-04-01,1.0903844387340906,3.544144982591991,True,1.0179417158844406,2.245849828410253,True,2.966667472235941,4.773075059607505,True,1.0316525133480168,1.7306319824830712,True
448,459,2019-05-01,1.8448265918406528,4.359627507343759,True,0.788868756579455,1.8457487382818345,True,2.303511489713517,3.612172839978419,True,1.4489206493401097,2.003132673377899,True
449,460,2019-06-01,2.404486977490114,2.404486977490114,False,0.7763233965157111,1.885249839518787,True,1.7188285189199217,2.3560954540927144,True,1.8075201306934932,2.247459451000695,True
450,461,2019-07-01,2.2703094355900557,5.128109574365171,True,0.7459009515246122,2.319645269662118,True,2.0460299186755826,2.424971794289662,True,1.6789424288193509,2.2382432036298314,True
