month,y,lag_1,lag_2,lag_3,lag_4,lag_5,lag_6,lag_7,lag_8,lag_9,lag_10,lag_11,lag_12,roll_mean_3,roll_mean_6,roll_mean_12,month_sin,month_cos
1,26.5,26.2,27.3,27.4,27.9,27.7,28.2,28.4,28.0,27.0,27.2,27.1,25.9,26.96666666666667,27.45,27.358333333333334,0.49999999999999994,0.8660254037844387
2,28.1,26.5,26.2,27.3,27.4,27.9,27.7,28.2,28.4,28.0,27.0,27.2,27.1,26.666666666666668,27.166666666666668,27.408333333333335,0.8660254037844386,0.5000000000000001
3,28.9,28.1,26.5,26.2,27.3,27.4,27.9,27.7,28.2,28.4,28.0,27.0,27.2,26.933333333333334,27.233333333333334,27.491666666666664,1.0,6.123233995736766e-17
4,29.4,28.9,28.1,26.5,26.2,27.3,27.4,27.9,27.7,28.2,28.4,28.0,27.0,27.833333333333332,27.399999999999995,27.633333333333336,0.8660254037844387,-0.4999999999999998
5,28.3,29.4,28.9,28.1,26.5,26.2,27.3,27.4,27.9,27.7,28.2,28.4,28.0,28.799999999999997,27.733333333333334,27.833333333333332,0.49999999999999994,-0.8660254037844387
6,28.3,28.3,29.4,28.9,28.1,26.5,26.2,27.3,27.4,27.9,27.7,28.2,28.4,28.866666666666664,27.900000000000002,27.858333333333334,1.2246467991473532e-16,-1.0
7,27.6,28.3,28.3,29.4,28.9,28.1,26.5,26.2,27.3,27.4,27.9,27.7,28.2,28.666666666666668,28.25,27.849999999999998,-0.4999999999999997,-0.8660254037844388
8,28.1,27.6,28.3,28.3,29.4,28.9,28.1,26.5,26.2,27.3,27.4,27.9,27.7,28.066666666666666,28.433333333333337,27.799999999999997,-0.8660254037844385,-0.5000000000000004
9,27.2,28.1,27.6,28.3,28.3,29.4,28.9,28.1,26.5,26.2,27.3,27.4,27.9,28.0,28.433333333333334,27.833333333333332,-1.0,-1.8369701987210297e-16
10,27.6,27.2,28.1,27.6,28.3,28.3,29.4,28.9,28.1,26.5,26.2,27.3,27.4,27.633333333333336,28.150000000000002,27.775000000000002,-0.8660254037844386,0.5000000000000001
11,26.6,27.6,27.2,28.1,27.6,28.3,28.3,29.4,28.9,28.1,26.5,26.2,27.3,27.633333333333336,27.850000000000005,27.791666666666668,-0.5000000000000004,0.8660254037844384
12,25.4,26.6,27.6,27.2,28.1,27.6,28.3,28.3,29.4,28.9,28.1,26.5,26.2,27.133333333333336,27.566666666666666,27.733333333333334,-2.4492935982947064e-16,1.0
1,25.5,25.4,26.6,27.6,27.2,28.1,27.6,28.3,28.3,29.4,28.9,28.1,26.5,26.53333333333333,27.083333333333332,27.666666666666668,0.49999999999999994,0.8660254037844387
2,25.8,25.5,25.4,26.6,27.6,27.2,28.1,27.6,28.3,28.3,29.4,28.9,28.1,25.833333333333332,26.73333333333333,27.583333333333332,0.8660254037844386,0.5000000000000001
3,26.5,25.8,25.5,25.4,26.6,27.6,27.2,28.1,27.6,28.3,28.3,29.4,28.9,25.566666666666666,26.349999999999998,27.39166666666667,1.0,6.123233995736766e-17
4,27.3,26.5,25.8,25.5,25.4,26.6,27.6,27.2,28.1,27.6,28.3,28.3,29.4,25.933333333333334,26.233333333333334,27.191666666666666,0.8660254037844387,-0.4999999999999998
5,27.3,27.3,26.5,25.8,25.5,25.4,26.6,27.6,27.2,28.1,27.6,28.3,28.3,26.53333333333333,26.183333333333337,27.016666666666666,0.49999999999999994,-0.8660254037844387
6,27.5,27.3,27.3,26.5,25.8,25.5,25.4,26.6,27.6,27.2,28.1,27.6,28.3,27.033333333333335,26.299999999999997,26.933333333333334,1.2246467991473532e-16,-1.0
7,27.2,27.5,27.3,27.3,26.5,25.8,25.5,25.4,26.6,27.6,27.2,28.1,27.6,27.36666666666667,26.649999999999995,26.866666666666664,-0.4999999999999997,-0.8660254037844388
8,27.4,27.2,27.5,27.3,27.3,26.5,25.8,25.5,25.4,26.6,27.6,27.2,28.1,27.333333333333332,26.933333333333334,26.833333333333332,-0.8660254037844385,-0.5000000000000004
9,26.8,27.4,27.2,27.5,27.3,27.3,26.5,25.8,25.5,25.4,26.6,27.6,27.2,27.366666666666664,27.2,26.775000000000002,-1.0,-1.8369701987210297e-16
10,27.4,26.8,27.4,27.2,27.5,27.3,27.3,26.5,25.8,25.5,25.4,26.6,27.6,27.133333333333336,27.25,26.74166666666667,-0.8660254037844386,0.5000000000000001
11,26.5,27.4,26.8,27.4,27.2,27.5,27.3,27.3,26.5,25.8,25.5,25.4,26.6,27.2,27.266666666666666,26.724999999999998,-0.5000000000000004,0.8660254037844384
12,26.0,26.5,27.4,26.8,27.4,27.2,27.5,27.3,27.3,26.5,25.8,25.5,25.4,26.900000000000002,27.133333333333336,26.71666666666667,-2.4492935982947064e-16,1.0
1,26.6,26.0,26.5,27.4,26.8,27.4,27.2,27.5,27.3,27.3,26.5,25.8,25.5,26.633333333333336,26.883333333333336,26.766666666666666,0.49999999999999994,0.8660254037844387
2,27.0,26.6,26.0,26.5,27.4,26.8,27.4,27.2,27.5,27.3,27.3,26.5,25.8,26.366666666666664,26.78333333333333,26.858333333333334,0.8660254037844386,0.5000000000000001
3,27.1,27.0,26.6,26.0,26.5,27.4,26.8,27.4,27.2,27.5,27.3,27.3,26.5,26.53333333333333,26.71666666666667,26.958333333333332,1.0,6.123233995736766e-17
4,27.5,27.1,27.0,26.6,26.0,26.5,27.4,26.8,27.4,27.2,27.5,27.3,27.3,26.900000000000002,26.766666666666666,27.00833333333333,0.8660254037844387,-0.4999999999999998
5,28.0,27.5,27.1,27.0,26.6,26.0,26.5,27.4,26.8,27.4,27.2,27.5,27.3,27.200000000000003,26.78333333333333,27.025000000000002,0.49999999999999994,-0.8660254037844387
6,28.2,28.0,27.5,27.1,27.0,26.6,26.0,26.5,27.4,26.8,27.4,27.2,27.5,27.533333333333335,27.03333333333333,27.083333333333332,1.2246467991473532e-16,-1.0
7,27.0,28.2,28.0,27.5,27.1,27.0,26.6,26.0,26.5,27.4,26.8,27.4,27.2,27.899999999999995,27.400000000000002,27.141666666666666,-0.4999999999999997,-0.8660254037844388
8,27.7,27.0,28.2,28.0,27.5,27.1,27.0,26.6,26.0,26.5,27.4,26.8,27.4,27.73333333333333,27.46666666666667,27.125,-0.8660254037844385,-0.5000000000000004
9,26.9,27.7,27.0,28.2,28.0,27.5,27.1,27.0,26.6,26.0,26.5,27.4,26.8,27.63333333333333,27.583333333333332,27.150000000000002,-1.0,-1.8369701987210297e-16
10,26.7,26.9,27.7,27.0,28.2,28.0,27.5,27.1,27.0,26.6,26.0,26.5,27.4,27.2,27.55,27.15833333333333,-0.8660254037844386,0.5000000000000001
11,26.6,26.7,26.9,27.7,27.0,28.2,28.0,27.5,27.1,27.0,26.6,26.0,26.5,27.099999999999998,27.416666666666668,27.099999999999998,-0.5000000000000004,0.8660254037844384
12,26.1,26.6,26.7,26.9,27.7,27.0,28.2,28.0,27.5,27.1,27.0,26.6,26.0,26.73333333333333,27.183333333333337,27.108333333333334,-2.4492935982947064e-16,1.0
1,25.7,26.1,26.6,26.7,26.9,27.7,27.0,28.2,28.0,27.5,27.1,27.0,26.6,26.46666666666667,26.833333333333332,27.116666666666664,0.49999999999999994,0.8660254037844387
2,26.9,25.7,26.1,26.6,26.7,26.9,27.7,27.0,28.2,28.0,27.5,27.1,27.0,26.133333333333336,26.616666666666664,27.041666666666668,0.8660254037844386,0.5000000000000001
3,26.4,26.9,25.7,26.1,26.6,26.7,26.9,27.7,27.0,28.2,28.0,27.5,27.1,26.233333333333334,26.483333333333334,27.03333333333333,1.0,6.123233995736766e-17
4,27.4,26.4,26.9,25.7,26.1,26.6,26.7,26.9,27.7,27.0,28.2,28.0,27.5,26.333333333333332,26.400000000000002,26.974999999999998,0.8660254037844387,-0.4999999999999998
5,28.2,27.4,26.4,26.9,25.7,26.1,26.6,26.7,26.9,27.7,27.0,28.2,28.0,26.899999999999995,26.516666666666666,26.96666666666667,0.49999999999999994,-0.8660254037844387
6,27.9,28.2,27.4,26.4,26.9,25.7,26.1,26.6,26.7,26.9,27.7,27.0,28.2,27.333333333333332,26.783333333333335,26.983333333333334,1.2246467991473532e-16,-1.0
7,27.9,27.9,28.2,27.4,26.4,26.9,25.7,26.1,26.6,26.7,26.9,27.7,27.0,27.833333333333332,27.083333333333332,26.958333333333332,-0.4999999999999997,-0.8660254037844388
8,28.3,27.9,27.9,28.2,27.4,26.4,26.9,25.7,26.1,26.6,26.7,26.9,27.7,28.0,27.45,27.033333333333335,-0.8660254037844385,-0.5000000000000004
9,26.7,28.3,27.9,27.9,28.2,27.4,26.4,26.9,25.7,26.1,26.6,26.7,26.9,28.03333333333333,27.683333333333334,27.08333333333333,-1.0,-1.8369701987210297e-16
10,26.9,26.7,28.3,27.9,27.9,28.2,27.4,26.4,26.9,25.7,26.1,26.6,26.7,27.633333333333336,27.73333333333333,27.066666666666666,-0.8660254037844386,0.5000000000000001
11,26.6,26.9,26.7,28.3,27.9,27.9,28.2,27.4,26.4,26.9,25.7,26.1,26.6,27.3,27.650000000000002,27.083333333333332,-0.5000000000000004,0.8660254037844384
12,26.3,26.6,26.9,26.7,28.3,27.9,27.9,28.2,27.4,26.4,26.9,25.7,26.1,26.733333333333334,27.38333333333333,27.083333333333332,-2.4492935982947064e-16,1.0
1,25.5,26.3,26.6,26.9,26.7,28.3,27.9,27.9,28.2,27.4,26.4,26.9,25.7,26.599999999999998,27.116666666666664,27.099999999999998,0.49999999999999994,0.8660254037844387
2,26.6,25.5,26.3,26.6,26.9,26.7,28.3,27.9,27.9,28.2,27.4,26.4,26.9,26.133333333333336,26.71666666666667,27.08333333333333,0.8660254037844386,0.5000000000000001
3,27.5,26.6,25.5,26.3,26.6,26.9,26.7,28.3,27.9,27.9,28.2,27.4,26.4,26.133333333333336,26.433333333333334,27.058333333333334,1.0,6.123233995736766e-17
4,27.9,27.5,26.6,25.5,26.3,26.6,26.9,26.7,28.3,27.9,27.9,28.2,27.4,26.533333333333335,26.566666666666666,27.150000000000002,0.8660254037844387,-0.4999999999999998
5,27.6,27.9,27.5,26.6,25.5,26.3,26.6,26.9,26.7,28.3,27.9,27.9,28.2,27.333333333333332,26.733333333333334,27.191666666666663,0.49999999999999994,-0.8660254037844387
6,28.7,27.6,27.9,27.5,26.6,25.5,26.3,26.6,26.9,26.7,28.3,27.9,27.9,27.666666666666668,26.900000000000002,27.141666666666666,1.2246467991473532e-16,-1.0
7,28.1,28.7,27.6,27.9,27.5,26.6,25.5,26.3,26.6,26.9,26.7,28.3,27.9,28.066666666666663,27.3,27.208333333333332,-0.4999999999999997,-0.8660254037844388
8,27.4,28.1,28.7,27.6,27.9,27.5,26.6,25.5,26.3,26.6,26.9,26.7,28.3,28.133333333333336,27.733333333333334,27.224999999999998,-0.8660254037844385,-0.5000000000000004
9,27.6,27.4,28.1,28.7,27.6,27.9,27.5,26.6,25.5,26.3,26.6,26.9,26.7,28.066666666666663,27.866666666666664,27.150000000000002,-1.0,-1.8369701987210297e-16
10,27.9,27.6,27.4,28.1,28.7,27.6,27.9,27.5,26.6,25.5,26.3,26.6,26.9,27.7,27.883333333333336,27.224999999999998,-0.8660254037844386,0.5000000000000001
11,27.3,27.9,27.6,27.4,28.1,28.7,27.6,27.9,27.5,26.6,25.5,26.3,26.6,27.633333333333336,27.883333333333336,27.308333333333334,-0.5000000000000004,0.8660254037844384
12,26.4,27.3,27.9,27.6,27.4,28.1,28.7,27.6,27.9,27.5,26.6,25.5,26.3,27.599999999999998,27.833333333333332,27.366666666666664,-2.4492935982947064e-16,1.0
1,26.8,26.4,27.3,27.9,27.6,27.4,28.1,28.7,27.6,27.9,27.5,26.6,25.5,27.2,27.450000000000003,27.375,0.49999999999999994,0.8660254037844387
2,27.1,26.8,26.4,27.3,27.9,27.6,27.4,28.1,28.7,27.6,27.9,27.5,26.6,26.833333333333332,27.23333333333333,27.483333333333334,0.8660254037844386,0.5000000000000001
3,27.3,27.1,26.8,26.4,27.3,27.9,27.6,27.4,28.1,28.7,27.6,27.9,27.5,26.76666666666667,27.183333333333337,27.525000000000002,1.0,6.123233995736766e-17
4,27.8,27.3,27.1,26.8,26.4,27.3,27.9,27.6,27.4,28.1,28.7,27.6,27.9,27.066666666666666,27.13333333333333,27.508333333333336,0.8660254037844387,-0.4999999999999998
5,28.4,27.8,27.3,27.1,26.8,26.4,27.3,27.9,27.6,27.4,28.1,28.7,27.6,27.400000000000002,27.116666666666664,27.5,0.49999999999999994,-0.8660254037844387
6,28.0,28.4,27.8,27.3,27.1,26.8,26.4,27.3,27.9,27.6,27.4,28.1,28.7,27.833333333333332,27.3,27.566666666666666,1.2246467991473532e-16,-1.0
7,27.3,28.0,28.4,27.8,27.3,27.1,26.8,26.4,27.3,27.9,27.6,27.4,28.1,28.066666666666666,27.566666666666666,27.508333333333336,-0.4999999999999997,-0.8660254037844388
8,27.0,27.3,28.0,28.4,27.8,27.3,27.1,26.8,26.4,27.3,27.9,27.6,27.4,27.900000000000002,27.650000000000002,27.441666666666666,-0.8660254037844385,-0.5000000000000004
9,27.1,27.0,27.3,28.0,28.4,27.8,27.3,27.1,26.8,26.4,27.3,27.9,27.6,27.433333333333334,27.63333333333333,27.408333333333335,-1.0,-1.8369701987210297e-16
10,27.5,27.1,27.0,27.3,28.0,28.4,27.8,27.3,27.1,26.8,26.4,27.3,27.9,27.133333333333336,27.600000000000005,27.366666666666664,-0.8660254037844386,0.5000000000000001
11,26.3,27.5,27.1,27.0,27.3,28.0,28.4,27.8,27.3,27.1,26.8,26.4,27.3,27.200000000000003,27.55,27.333333333333332,-0.5000000000000004,0.8660254037844384
12,26.2,26.3,27.5,27.1,27.0,27.3,28.0,28.4,27.8,27.3,27.1,26.8,26.4,26.96666666666667,27.2,27.25,-2.4492935982947064e-16,1.0
1,26.5,26.2,26.3,27.5,27.1,27.0,27.3,28.0,28.4,27.8,27.3,27.1,26.8,26.666666666666668,26.900000000000002,27.233333333333334,0.49999999999999994,0.8660254037844387
2,26.6,26.5,26.2,26.3,27.5,27.1,27.0,27.3,28.0,28.4,27.8,27.3,27.1,26.333333333333332,26.76666666666667,27.208333333333332,0.8660254037844386,0.5000000000000001
3,26.3,26.6,26.5,26.2,26.3,27.5,27.1,27.0,27.3,28.0,28.4,27.8,27.3,26.433333333333334,26.700000000000003,27.166666666666668,1.0,6.123233995736766e-17
4,27.0,26.3,26.6,26.5,26.2,26.3,27.5,27.1,27.0,27.3,28.0,28.4,27.8,26.46666666666667,26.566666666666663,27.083333333333332,0.8660254037844387,-0.4999999999999998
5,27.3,27.0,26.3,26.6,26.5,26.2,26.3,27.5,27.1,27.0,27.3,28.0,28.4,26.633333333333336,26.48333333333333,27.01666666666667,0.49999999999999994,-0.8660254037844387
6,27.5,27.3,27.0,26.3,26.6,26.5,26.2,26.3,27.5,27.1,27.0,27.3,28.0,26.86666666666667,26.650000000000002,26.925,1.2246467991473532e-16,-1.0
7,27.7,27.5,27.3,27.0,26.3,26.6,26.5,26.2,26.3,27.5,27.1,27.0,27.3,27.266666666666666,26.866666666666664,26.883333333333336,-0.4999999999999997,-0.8660254037844388
8,27.1,27.7,27.5,27.3,27.0,26.3,26.6,26.5,26.2,26.3,27.5,27.1,27.0,27.5,27.066666666666663,26.916666666666668,-0.8660254037844385,-0.5000000000000004
9,26.9,27.1,27.7,27.5,27.3,27.0,26.3,26.6,26.5,26.2,26.3,27.5,27.1,27.433333333333337,27.150000000000002,26.924999999999997,-1.0,-1.8369701987210297e-16
10,27.1,26.9,27.1,27.7,27.5,27.3,27.0,26.3,26.6,26.5,26.2,26.3,27.5,27.233333333333334,27.25,26.908333333333335,-0.8660254037844386,0.5000000000000001
11,26.7,27.1,26.9,27.1,27.7,27.5,27.3,27.0,26.3,26.6,26.5,26.2,26.3,27.03333333333333,27.26666666666667,26.875,-0.5000000000000004,0.8660254037844384
12,26.3,26.7,27.1,26.9,27.1,27.7,27.5,27.3,27.0,26.3,26.6,26.5,26.2,26.900000000000002,27.166666666666668,26.908333333333335,-2.4492935982947064e-16,1.0
1,26.2,26.3,26.7,27.1,26.9,27.1,27.7,27.5,27.3,27.0,26.3,26.6,26.5,26.7,26.96666666666667,26.916666666666668,0.49999999999999994,0.8660254037844387
2,27.6,26.2,26.3,26.7,27.1,26.9,27.1,27.7,27.5,27.3,27.0,26.3,26.6,26.400000000000002,26.71666666666667,26.89166666666667,0.8660254037844386,0.5000000000000001
3,28.2,27.6,26.2,26.3,26.7,27.1,26.9,27.1,27.7,27.5,27.3,27.0,26.3,26.7,26.799999999999997,26.974999999999998,1.0,6.123233995736766e-17
4,28.5,28.2,27.6,26.2,26.3,26.7,27.1,26.9,27.1,27.7,27.5,27.3,27.0,27.333333333333332,27.016666666666666,27.13333333333333,0.8660254037844387,-0.4999999999999998
5,28.6,28.5,28.2,27.6,26.2,26.3,26.7,27.1,26.9,27.1,27.7,27.5,27.3,28.099999999999998,27.25,27.25833333333333,0.49999999999999994,-0.8660254037844387
6,28.3,28.6,28.5,28.2,27.6,26.2,26.3,26.7,27.1,26.9,27.1,27.7,27.5,28.433333333333337,27.566666666666666,27.366666666666664,1.2246467991473532e-16,-1.0
7,27.5,28.3,28.6,28.5,28.2,27.6,26.2,26.3,26.7,27.1,26.9,27.1,27.7,28.46666666666667,27.900000000000002,27.433333333333334,-0.4999999999999997,-0.8660254037844388
8,28.0,27.5,28.3,28.6,28.5,28.2,27.6,26.2,26.3,26.7,27.1,26.9,27.1,28.133333333333336,28.11666666666667,27.416666666666668,-0.8660254037844385,-0.5000000000000004
9,27.2,28.0,27.5,28.3,28.6,28.5,28.2,27.6,26.2,26.3,26.7,27.1,26.9,27.933333333333334,28.183333333333337,27.49166666666667,-1.0,-1.8369701987210297e-16
10,27.5,27.2,28.0,27.5,28.3,28.6,28.5,28.2,27.6,26.2,26.3,26.7,27.1,27.566666666666666,28.016666666666666,27.516666666666666,-0.8660254037844386,0.5000000000000001
11,27.2,27.5,27.2,28.0,27.5,28.3,28.6,28.5,28.2,27.6,26.2,26.3,26.7,27.566666666666666,27.849999999999998,27.55,-0.5000000000000004,0.8660254037844384
12,26.3,27.2,27.5,27.2,28.0,27.5,28.3,28.6,28.5,28.2,27.6,26.2,26.3,27.3,27.616666666666664,27.591666666666665,-2.4492935982947064e-16,1.0
1,26.7,26.3,27.2,27.5,27.2,28.0,27.5,28.3,28.6,28.5,28.2,27.6,26.2,27.0,27.28333333333333,27.59166666666667,0.49999999999999994,0.8660254037844387
2,27.1,26.7,26.3,27.2,27.5,27.2,28.0,27.5,28.3,28.6,28.5,28.2,27.6,26.733333333333334,27.149999999999995,27.63333333333333,0.8660254037844386,0.5000000000000001
3,27.8,27.1,26.7,26.3,27.2,27.5,27.2,28.0,27.5,28.3,28.6,28.5,28.2,26.7,27.0,27.59166666666667,1.0,6.123233995736766e-17
4,27.7,27.8,27.1,26.7,26.3,27.2,27.5,27.2,28.0,27.5,28.3,28.6,28.5,27.2,27.099999999999998,27.558333333333337,0.8660254037844387,-0.4999999999999998
5,27.7,27.7,27.8,27.1,26.7,26.3,27.2,27.5,27.2,28.0,27.5,28.3,28.6,27.53333333333333,27.133333333333336,27.49166666666667,0.49999999999999994,-0.8660254037844387
6,28.6,27.7,27.7,27.8,27.1,26.7,26.3,27.2,27.5,27.2,28.0,27.5,28.3,27.733333333333334,27.21666666666667,27.416666666666668,1.2246467991473532e-16,-1.0
7,28.5,28.6,27.7,27.7,27.8,27.1,26.7,26.3,27.2,27.5,27.2,28.0,27.5,28.0,27.599999999999998,27.441666666666666,-0.4999999999999997,-0.8660254037844388
8,28.2,28.5,28.6,27.7,27.7,27.8,27.1,26.7,26.3,27.2,27.5,27.2,28.0,28.266666666666666,27.900000000000002,27.525000000000002,-0.8660254037844385,-0.5000000000000004
9,27.5,28.2,28.5,28.6,27.7,27.7,27.8,27.1,26.7,26.3,27.2,27.5,27.2,28.433333333333334,28.083333333333332,27.541666666666668,-1.0,-1.8369701987210297e-16
10,27.5,27.5,28.2,28.5,28.6,27.7,27.7,27.8,27.1,26.7,26.3,27.2,27.5,28.066666666666666,28.033333333333335,27.566666666666666,-0.8660254037844386,0.5000000000000001
11,26.3,27.5,27.5,28.2,28.5,28.6,27.7,27.7,27.8,27.1,26.7,26.3,27.2,27.733333333333334,28.0,27.566666666666666,-0.5000000000000004,0.8660254037844384
12,25.6,26.3,27.5,27.5,28.2,28.5,28.6,27.7,27.7,27.8,27.1,26.7,26.3,27.099999999999998,27.766666666666666,27.49166666666667,-2.4492935982947064e-16,1.0
1,26.6,25.6,26.3,27.5,27.5,28.2,28.5,28.6,27.7,27.7,27.8,27.1,26.7,26.46666666666667,27.26666666666667,27.433333333333334,0.49999999999999994,0.8660254037844387
2,27.5,26.6,25.6,26.3,27.5,27.5,28.2,28.5,28.6,27.7,27.7,27.8,27.1,26.166666666666668,26.950000000000003,27.425,0.8660254037844386,0.5000000000000001
3,28.2,27.5,26.6,25.6,26.3,27.5,27.5,28.2,28.5,28.6,27.7,27.7,27.8,26.566666666666666,26.833333333333332,27.458333333333332,1.0,6.123233995736766e-17
4,28.4,28.2,27.5,26.6,25.6,26.3,27.5,27.5,28.2,28.5,28.6,27.7,27.7,27.433333333333334,26.95,27.491666666666664,0.8660254037844387,-0.4999999999999998
5,28.1,28.4,28.2,27.5,26.6,25.6,26.3,27.5,27.5,28.2,28.5,28.6,27.7,28.03333333333333,27.099999999999998,27.549999999999997,0.49999999999999994,-0.8660254037844387
6,28.0,28.1,28.4,28.2,27.5,26.6,25.6,26.3,27.5,27.5,28.2,28.5,28.6,28.233333333333334,27.400000000000002,27.583333333333332,1.2246467991473532e-16,-1.0
7,27.3,28.0,28.1,28.4,28.2,27.5,26.6,25.6,26.3,27.5,27.5,28.2,28.5,28.166666666666668,27.8,27.53333333333333,-0.4999999999999997,-0.8660254037844388
8,27.8,27.3,28.0,28.1,28.4,28.2,27.5,26.6,25.6,26.3,27.5,27.5,28.2,27.8,27.916666666666668,27.433333333333334,-0.8660254037844385,-0.5000000000000004
9,27.3,27.8,27.3,28.0,28.1,28.4,28.2,27.5,26.6,25.6,26.3,27.5,27.5,27.7,27.966666666666665,27.400000000000002,-1.0,-1.8369701987210297e-16
10,27.4,27.3,27.8,27.3,28.0,28.1,28.4,28.2,27.5,26.6,25.6,26.3,27.5,27.46666666666667,27.816666666666666,27.383333333333336,-0.8660254037844386,0.5000000000000001
11,26.1,27.4,27.3,27.8,27.3,28.0,28.1,28.4,28.2,27.5,26.6,25.6,26.3,27.5,27.650000000000002,27.375,-0.5000000000000004,0.8660254037844384
12,25.5,26.1,27.4,27.3,27.8,27.3,28.0,28.1,28.4,28.2,27.5,26.6,25.6,26.933333333333337,27.316666666666666,27.35833333333333,-2.4492935982947064e-16,1.0
1,26.2,25.5,26.1,27.4,27.3,27.8,27.3,28.0,28.1,28.4,28.2,27.5,26.6,26.333333333333332,26.900000000000002,27.350000000000005,0.49999999999999994,0.8660254037844387
2,26.7,26.2,25.5,26.1,27.4,27.3,27.8,27.3,28.0,28.1,28.4,28.2,27.5,25.933333333333334,26.716666666666665,27.316666666666666,0.8660254037844386,0.5000000000000001
3,26.7,26.7,26.2,25.5,26.1,27.4,27.3,27.8,27.3,28.0,28.1,28.4,28.2,26.133333333333336,26.533333333333335,27.25,1.0,6.123233995736766e-17
4,27.6,26.7,26.7,26.2,25.5,26.1,27.4,27.3,27.8,27.3,28.0,28.1,28.4,26.53333333333333,26.433333333333334,27.125,0.8660254037844387,-0.4999999999999998
5,28.2,27.6,26.7,26.7,26.2,25.5,26.1,27.4,27.3,27.8,27.3,28.0,28.1,27.0,26.466666666666665,27.058333333333337,0.49999999999999994,-0.8660254037844387
6,28.5,28.2,27.6,26.7,26.7,26.2,25.5,26.1,27.4,27.3,27.8,27.3,28.0,27.5,26.816666666666666,27.066666666666666,1.2246467991473532e-16,-1.0
7,27.9,28.5,28.2,27.6,26.7,26.7,26.2,25.5,26.1,27.4,27.3,27.8,27.3,28.099999999999998,27.316666666666666,27.108333333333334,-0.4999999999999997,-0.8660254037844388
8,28.6,27.9,28.5,28.2,27.6,26.7,26.7,26.2,25.5,26.1,27.4,27.3,27.8,28.2,27.600000000000005,27.15833333333333,-0.8660254037844385,-0.5000000000000004
9,27.9,28.6,27.9,28.5,28.2,27.6,26.7,26.7,26.2,25.5,26.1,27.4,27.3,28.333333333333332,27.916666666666668,27.224999999999998,-1.0,-1.8369701987210297e-16
10,27.5,27.9,28.6,27.9,28.5,28.2,27.6,26.7,26.7,26.2,25.5,26.1,27.4,28.133333333333336,28.116666666666664,27.274999999999995,-0.8660254037844386,0.5000000000000001
11,26.9,27.5,27.9,28.6,27.9,28.5,28.2,27.6,26.7,26.7,26.2,25.5,26.1,28.0,28.100000000000005,27.28333333333333,-0.5000000000000004,0.8660254037844384
12,26.5,26.9,27.5,27.9,28.6,27.9,28.5,28.2,27.6,26.7,26.7,26.2,25.5,27.433333333333334,27.88333333333333,27.349999999999998,-2.4492935982947064e-16,1.0
1,26.9,26.5,26.9,27.5,27.9,28.6,27.9,28.5,28.2,27.6,26.7,26.7,26.2,26.96666666666667,27.549999999999997,27.433333333333337,0.49999999999999994,0.8660254037844387
2,27.0,26.9,26.5,26.9,27.5,27.9,28.6,27.9,28.5,28.2,27.6,26.7,26.7,26.766666666666666,27.38333333333333,27.491666666666664,0.8660254037844386,0.5000000000000001
3,26.8,27.0,26.9,26.5,26.9,27.5,27.9,28.6,27.9,28.5,28.2,27.6,26.7,26.8,27.116666666666664,27.516666666666666,1.0,6.123233995736766e-17
4,27.9,26.8,27.0,26.9,26.5,26.9,27.5,27.9,28.6,27.9,28.5,28.2,27.6,26.900000000000002,26.933333333333337,27.525000000000002,0.8660254037844387,-0.4999999999999998
5,28.1,27.9,26.8,27.0,26.9,26.5,26.9,27.5,27.9,28.6,27.9,28.5,28.2,27.233333333333334,27.0,27.549999999999997,0.49999999999999994,-0.8660254037844387
6,28.1,28.1,27.9,26.8,27.0,26.9,26.5,26.9,27.5,27.9,28.6,27.9,28.5,27.599999999999998,27.200000000000003,27.541666666666668,1.2246467991473532e-16,-1.0
7,28.4,28.1,28.1,27.9,26.8,27.0,26.9,26.5,26.9,27.5,27.9,28.6,27.9,28.033333333333335,27.46666666666667,27.50833333333333,-0.4999999999999997,-0.8660254037844388
8,28.1,28.4,28.1,28.1,27.9,26.8,27.0,26.9,26.5,26.9,27.5,27.9,28.6,28.2,27.71666666666667,27.55,-0.8660254037844385,-0.5000000000000004
9,28.3,28.1,28.4,28.1,28.1,27.9,26.8,27.0,26.9,26.5,26.9,27.5,27.9,28.200000000000003,27.900000000000002,27.50833333333333,-1.0,-1.8369701987210297e-16
10,27.9,28.3,28.1,28.4,28.1,28.1,27.9,26.8,27.0,26.9,26.5,26.9,27.5,28.266666666666666,28.149999999999995,27.541666666666668,-0.8660254037844386,0.5000000000000001
11,26.7,27.9,28.3,28.1,28.4,28.1,28.1,27.9,26.8,27.0,26.9,26.5,26.9,28.100000000000005,28.150000000000002,27.575000000000003,-0.5000000000000004,0.8660254037844384
12,26.9,26.7,27.9,28.3,28.1,28.4,28.1,28.1,27.9,26.8,27.0,26.9,26.5,27.63333333333333,27.916666666666668,27.558333333333334,-2.4492935982947064e-16,1.0
1,26.8,26.9,26.7,27.9,28.3,28.1,28.4,28.1,28.1,27.9,26.8,27.0,26.9,27.166666666666668,27.716666666666665,27.591666666666665,0.49999999999999994,0.8660254037844387
2,26.5,26.8,26.9,26.7,27.9,28.3,28.1,28.4,28.1,28.1,27.9,26.8,27.0,26.8,27.45,27.583333333333332,0.8660254037844386,0.5000000000000001
3,27.6,26.5,26.8,26.9,26.7,27.9,28.3,28.1,28.4,28.1,28.1,27.9,26.8,26.73333333333333,27.183333333333334,27.541666666666668,1.0,6.123233995736766e-17
4,27.9,27.6,26.5,26.8,26.9,26.7,27.9,28.3,28.1,28.4,28.1,28.1,27.9,26.96666666666667,27.066666666666666,27.608333333333334,0.8660254037844387,-0.4999999999999998
5,28.5,27.9,27.6,26.5,26.8,26.9,26.7,27.9,28.3,28.1,28.4,28.1,28.1,27.333333333333332,27.066666666666666,27.608333333333334,0.49999999999999994,-0.8660254037844387
6,28.9,28.5,27.9,27.6,26.5,26.8,26.9,26.7,27.9,28.3,28.1,28.4,28.1,28.0,27.366666666666664,27.641666666666666,1.2246467991473532e-16,-1.0
7,28.0,28.9,28.5,27.9,27.6,26.5,26.8,26.9,26.7,27.9,28.3,28.1,28.4,28.433333333333334,27.700000000000003,27.708333333333332,-0.4999999999999997,-0.8660254037844388
8,27.4,28.0,28.9,28.5,27.9,27.6,26.5,26.8,26.9,26.7,27.9,28.3,28.1,28.46666666666667,27.900000000000002,27.674999999999997,-0.8660254037844385,-0.5000000000000004
9,28.3,27.4,28.0,28.9,28.5,27.9,27.6,26.5,26.8,26.9,26.7,27.9,28.3,28.099999999999998,28.05,27.61666666666667,-1.0,-1.8369701987210297e-16
10,27.8,28.3,27.4,28.0,28.9,28.5,27.9,27.6,26.5,26.8,26.9,26.7,27.9,27.900000000000002,28.166666666666668,27.61666666666667,-0.8660254037844386,0.5000000000000001
11,27.0,27.8,28.3,27.4,28.0,28.9,28.5,27.9,27.6,26.5,26.8,26.9,26.7,27.833333333333332,28.150000000000002,27.60833333333333,-0.5000000000000004,0.8660254037844384
12,26.3,27.0,27.8,28.3,27.4,28.0,28.9,28.5,27.9,27.6,26.5,26.8,26.9,27.7,27.900000000000002,27.63333333333333,-2.4492935982947064e-16,1.0
1,26.2,26.3,27.0,27.8,28.3,27.4,28.0,28.9,28.5,27.9,27.6,26.5,26.8,27.033333333333335,27.466666666666665,27.583333333333332,0.49999999999999994,0.8660254037844387
2,26.5,26.2,26.3,27.0,27.8,28.3,27.4,28.0,28.9,28.5,27.9,27.6,26.5,26.5,27.166666666666668,27.53333333333333,0.8660254037844386,0.5000000000000001
3,27.8,26.5,26.2,26.3,27.0,27.8,28.3,27.4,28.0,28.9,28.5,27.9,27.6,26.333333333333332,27.01666666666667,27.53333333333333,1.0,6.123233995736766e-17
4,27.8,27.8,26.5,26.2,26.3,27.0,27.8,28.3,27.4,28.0,28.9,28.5,27.9,26.833333333333332,26.933333333333334,27.549999999999997,0.8660254037844387,-0.4999999999999998
5,28.5,27.8,27.8,26.5,26.2,26.3,27.0,27.8,28.3,27.4,28.0,28.9,28.5,27.366666666666664,26.933333333333334,27.541666666666668,0.49999999999999994,-0.8660254037844387
6,28.3,28.5,27.8,27.8,26.5,26.2,26.3,27.0,27.8,28.3,27.4,28.0,28.9,28.03333333333333,27.183333333333334,27.541666666666668,1.2246467991473532e-16,-1.0
7,28.3,28.3,28.5,27.8,27.8,26.5,26.2,26.3,27.0,27.8,28.3,27.4,28.0,28.200000000000003,27.51666666666667,27.49166666666667,-0.4999999999999997,-0.8660254037844388
8,27.4,28.3,28.3,28.5,27.8,27.8,26.5,26.2,26.3,27.0,27.8,28.3,27.4,28.366666666666664,27.866666666666664,27.51666666666667,-0.8660254037844385,-0.5000000000000004
9,27.7,27.4,28.3,28.3,28.5,27.8,27.8,26.5,26.2,26.3,27.0,27.8,28.3,28.0,28.016666666666666,27.516666666666666,-1.0,-1.8369701987210297e-16
10,27.5,27.7,27.4,28.3,28.3,28.5,27.8,27.8,26.5,26.2,26.3,27.0,27.8,27.8,28.0,27.466666666666665,-0.8660254037844386,0.5000000000000001
11,27.3,27.5,27.7,27.4,28.3,28.3,28.5,27.8,27.8,26.5,26.2,26.3,27.0,27.53333333333333,27.95,27.441666666666666,-0.5000000000000004,0.8660254037844384
12,26.6,27.3,27.5,27.7,27.4,28.3,28.3,28.5,27.8,27.8,26.5,26.2,26.3,27.5,27.75,27.46666666666667,-2.4492935982947064e-16,1.0
1,27.1,26.6,27.3,27.5,27.7,27.4,28.3,28.3,28.5,27.8,27.8,26.5,26.2,27.133333333333336,27.466666666666665,27.49166666666667,0.49999999999999994,0.8660254037844387
2,27.4,27.1,26.6,27.3,27.5,27.7,27.4,28.3,28.3,28.5,27.8,27.8,26.5,27.0,27.26666666666667,27.566666666666666,0.8660254037844386,0.5000000000000001
3,28.1,27.4,27.1,26.6,27.3,27.5,27.7,27.4,28.3,28.3,28.5,27.8,27.8,27.03333333333333,27.266666666666666,27.64166666666667,1.0,6.123233995736766e-17
4,28.1,28.1,27.4,27.1,26.6,27.3,27.5,27.7,27.4,28.3,28.3,28.5,27.8,27.53333333333333,27.333333333333332,27.666666666666668,0.8660254037844387,-0.4999999999999998
5,29.3,28.1,28.1,27.4,27.1,26.6,27.3,27.5,27.7,27.4,28.3,28.3,28.5,27.866666666666664,27.433333333333337,27.691666666666666,0.49999999999999994,-0.8660254037844387
6,29.3,29.3,28.1,28.1,27.4,27.1,26.6,27.3,27.5,27.7,27.4,28.3,28.3,28.5,27.766666666666666,27.758333333333336,1.2246467991473532e-16,-1.0
7,28.8,29.3,29.3,28.1,28.1,27.4,27.1,26.6,27.3,27.5,27.7,27.4,28.3,28.900000000000002,28.21666666666667,27.84166666666667,-0.4999999999999997,-0.8660254037844388
8,28.8,28.8,29.3,29.3,28.1,28.1,27.4,27.1,26.6,27.3,27.5,27.7,27.4,29.133333333333336,28.5,27.88333333333333,-0.8660254037844385,-0.5000000000000004
9,28.8,28.8,28.8,29.3,29.3,28.1,28.1,27.4,27.1,26.6,27.3,27.5,27.7,28.96666666666667,28.733333333333334,28.0,-1.0,-1.8369701987210297e-16
10,28.2,28.8,28.8,28.8,29.3,29.3,28.1,28.1,27.4,27.1,26.6,27.3,27.5,28.8,28.850000000000005,28.09166666666667,-0.8660254037844386,0.5000000000000001
11,27.8,28.2,28.8,28.8,28.8,29.3,29.3,28.1,28.1,27.4,27.1,26.6,27.3,28.600000000000005,28.866666666666664,28.150000000000002,-0.5000000000000004,0.8660254037844384
12,27.3,27.8,28.2,28.8,28.8,28.8,29.3,29.3,28.1,28.1,27.4,27.1,26.6,28.266666666666666,28.61666666666667,28.191666666666666,-2.4492935982947064e-16,1.0
1,28.0,27.3,27.8,28.2,28.8,28.8,28.8,29.3,29.3,28.1,28.1,27.4,27.1,27.76666666666667,28.28333333333333,28.25,0.49999999999999994,0.8660254037844387
2,28.9,28.0,27.3,27.8,28.2,28.8,28.8,28.8,29.3,29.3,28.1,28.1,27.4,27.7,28.149999999999995,28.325000000000003,0.8660254037844386,0.5000000000000001
3,29.5,28.9,28.0,27.3,27.8,28.2,28.8,28.8,28.8,29.3,29.3,28.1,28.1,28.066666666666666,28.166666666666668,28.45,1.0,6.123233995736766e-17
4,29.2,29.5,28.9,28.0,27.3,27.8,28.2,28.8,28.8,28.8,29.3,29.3,28.1,28.8,28.28333333333333,28.566666666666666,0.8660254037844387,-0.4999999999999998
5,29.4,29.2,29.5,28.9,28.0,27.3,27.8,28.2,28.8,28.8,28.8,29.3,29.3,29.2,28.450000000000003,28.65833333333333,0.49999999999999994,-0.8660254037844387
6,28.6,29.4,29.2,29.5,28.9,28.0,27.3,27.8,28.2,28.8,28.8,28.8,29.3,29.366666666666664,28.716666666666665,28.666666666666668,1.2246467991473532e-16,-1.0
7,28.1,28.6,29.4,29.2,29.5,28.9,28.0,27.3,27.8,28.2,28.8,28.8,28.8,29.066666666666666,28.933333333333337,28.608333333333334,-0.4999999999999997,-0.8660254037844388
8,27.5,28.1,28.6,29.4,29.2,29.5,28.9,28.0,27.3,27.8,28.2,28.8,28.8,28.7,28.950000000000003,28.55,-0.8660254037844385,-0.5000000000000004
9,27.9,27.5,28.1,28.6,29.4,29.2,29.5,28.9,28.0,27.3,27.8,28.2,28.8,28.066666666666666,28.71666666666667,28.441666666666666,-1.0,-1.8369701987210297e-16
10,28.0,27.9,27.5,28.1,28.6,29.4,29.2,29.5,28.9,28.0,27.3,27.8,28.2,27.833333333333332,28.450000000000003,28.366666666666664,-0.8660254037844386,0.5000000000000001
11,27.9,28.0,27.9,27.5,28.1,28.6,29.4,29.2,29.5,28.9,28.0,27.3,27.8,27.8,28.25,28.349999999999998,-0.5000000000000004,0.8660254037844384
12,26.6,27.9,28.0,27.9,27.5,28.1,28.6,29.4,29.2,29.5,28.9,28.0,27.3,27.933333333333334,28.0,28.358333333333334,-2.4492935982947064e-16,1.0
1,26.6,26.6,27.9,28.0,27.9,27.5,28.1,28.6,29.4,29.2,29.5,28.9,28.0,27.5,27.666666666666668,28.299999999999997,0.49999999999999994,0.8660254037844387
2,27.2,26.6,26.6,27.9,28.0,27.9,27.5,28.1,28.6,29.4,29.2,29.5,28.9,27.03333333333333,27.416666666666668,28.183333333333334,0.8660254037844386,0.5000000000000001
3,27.1,27.2,26.6,26.6,27.9,28.0,27.9,27.5,28.1,28.6,29.4,29.2,29.5,26.8,27.366666666666664,28.041666666666668,1.0,6.123233995736766e-17
4,28.3,27.1,27.2,26.6,26.6,27.9,28.0,27.9,27.5,28.1,28.6,29.4,29.2,26.96666666666667,27.23333333333333,27.84166666666667,0.8660254037844387,-0.4999999999999998
5,28.0,28.3,27.1,27.2,26.6,26.6,27.9,28.0,27.9,27.5,28.1,28.6,29.4,27.533333333333335,27.28333333333333,27.76666666666667,0.49999999999999994,-0.8660254037844387
6,28.2,28.0,28.3,27.1,27.2,26.6,26.6,27.9,28.0,27.9,27.5,28.1,28.6,27.8,27.3,27.650000000000002,1.2246467991473532e-16,-1.0
7,27.8,28.2,28.0,28.3,27.1,27.2,26.6,26.6,27.9,28.0,27.9,27.5,28.1,28.166666666666668,27.566666666666663,27.61666666666667,-0.4999999999999997,-0.8660254037844388
8,27.5,27.8,28.2,28.0,28.3,27.1,27.2,26.6,26.6,27.9,28.0,27.9,27.5,28.0,27.766666666666666,27.59166666666667,-0.8660254037844385,-0.5000000000000004
9,27.9,27.5,27.8,28.2,28.0,28.3,27.1,27.2,26.6,26.6,27.9,28.0,27.9,27.833333333333332,27.816666666666666,27.59166666666667,-1.0,-1.8369701987210297e-16
10,27.2,27.9,27.5,27.8,28.2,28.0,28.3,27.1,27.2,26.6,26.6,27.9,28.0,27.733333333333334,27.950000000000003,27.59166666666667,-0.8660254037844386,0.5000000000000001
11,27.3,27.2,27.9,27.5,27.8,28.2,28.0,28.3,27.1,27.2,26.6,26.6,27.9,27.53333333333333,27.766666666666666,27.525000000000002,-0.5000000000000004,0.8660254037844384
12,26.8,27.3,27.2,27.9,27.5,27.8,28.2,28.0,28.3,27.1,27.2,26.6,26.6,27.46666666666667,27.650000000000002,27.474999999999998,-2.4492935982947064e-16,1.0
1,26.3,26.8,27.3,27.2,27.9,27.5,27.8,28.2,28.0,28.3,27.1,27.2,26.6,27.099999999999998,27.416666666666668,27.49166666666667,0.49999999999999994,0.8660254037844387
2,26.6,26.3,26.8,27.3,27.2,27.9,27.5,27.8,28.2,28.0,28.3,27.1,27.2,26.8,27.166666666666668,27.46666666666667,0.8660254037844386,0.5000000000000001
3,27.2,26.6,26.3,26.8,27.3,27.2,27.9,27.5,27.8,28.2,28.0,28.3,27.1,26.566666666666666,27.016666666666666,27.416666666666668,1.0,6.123233995736766e-17
4,27.5,27.2,26.6,26.3,26.8,27.3,27.2,27.9,27.5,27.8,28.2,28.0,28.3,26.7,26.900000000000002,27.424999999999997,0.8660254037844387,-0.4999999999999998
5,28.6,27.5,27.2,26.6,26.3,26.8,27.3,27.2,27.9,27.5,27.8,28.2,28.0,27.100000000000005,26.950000000000003,27.35833333333333,0.49999999999999994,-0.8660254037844387
6,27.6,28.6,27.5,27.2,26.6,26.3,26.8,27.3,27.2,27.9,27.5,27.8,28.2,27.766666666666666,27.166666666666668,27.40833333333333,1.2246467991473532e-16,-1.0
7,28.1,27.6,28.6,27.5,27.2,26.6,26.3,26.8,27.3,27.2,27.9,27.5,27.8,27.900000000000002,27.299999999999997,27.358333333333334,-0.4999999999999997,-0.8660254037844388
8,27.5,28.1,27.6,28.6,27.5,27.2,26.6,26.3,26.8,27.3,27.2,27.9,27.5,28.100000000000005,27.600000000000005,27.38333333333333,-0.8660254037844385,-0.5000000000000004
9,28.0,27.5,28.1,27.6,28.6,27.5,27.2,26.6,26.3,26.8,27.3,27.2,27.9,27.733333333333334,27.75,27.38333333333333,-1.0,-1.8369701987210297e-16
10,27.8,28.0,27.5,28.1,27.6,28.6,27.5,27.2,26.6,26.3,26.8,27.3,27.2,27.866666666666664,27.883333333333336,27.391666666666666,-0.8660254037844386,0.5000000000000001
11,27.3,27.8,28.0,27.5,28.1,27.6,28.6,27.5,27.2,26.6,26.3,26.8,27.3,27.766666666666666,27.933333333333334,27.441666666666666,-0.5000000000000004,0.8660254037844384
12,27.0,27.3,27.8,28.0,27.5,28.1,27.6,28.6,27.5,27.2,26.6,26.3,26.8,27.7,27.71666666666667,27.441666666666666,-2.4492935982947064e-16,1.0
1,26.5,27.0,27.3,27.8,28.0,27.5,28.1,27.6,28.6,27.5,27.2,26.6,26.3,27.366666666666664,27.61666666666667,27.458333333333332,0.49999999999999994,0.8660254037844387
2,27.0,26.5,27.0,27.3,27.8,28.0,27.5,28.1,27.6,28.6,27.5,27.2,26.6,26.933333333333337,27.350000000000005,27.474999999999998,0.8660254037844386,0.5000000000000001
3,27.5,27.0,26.5,27.0,27.3,27.8,28.0,27.5,28.1,27.6,28.6,27.5,27.2,26.833333333333332,27.26666666666667,27.508333333333336,1.0,6.123233995736766e-17
4,27.7,27.5,27.0,26.5,27.0,27.3,27.8,28.0,27.5,28.1,27.6,28.6,27.5,27.0,27.183333333333337,27.533333333333335,0.8660254037844387,-0.4999999999999998
5,28.5,27.7,27.5,27.0,26.5,27.0,27.3,27.8,28.0,27.5,28.1,27.6,28.6,27.400000000000002,27.166666666666668,27.55,0.49999999999999994,-0.8660254037844387
6,28.2,28.5,27.7,27.5,27.0,26.5,27.0,27.3,27.8,28.0,27.5,28.1,27.6,27.900000000000002,27.366666666666664,27.541666666666668,1.2246467991473532e-16,-1.0
7,28.4,28.2,28.5,27.7,27.5,27.0,26.5,27.0,27.3,27.8,28.0,27.5,28.1,28.133333333333336,27.566666666666663,27.591666666666665,-0.4999999999999997,-0.8660254037844388
8,28.0,28.4,28.2,28.5,27.7,27.5,27.0,26.5,27.0,27.3,27.8,28.0,27.5,28.366666666666664,27.88333333333333,27.61666666666667,-0.8660254037844385,-0.5000000000000004
9,28.0,28.0,28.4,28.2,28.5,27.7,27.5,27.0,26.5,27.0,27.3,27.8,28.0,28.2,28.049999999999997,27.658333333333335,-1.0,-1.8369701987210297e-16
10,27.6,28.0,28.0,28.4,28.2,28.5,27.7,27.5,27.0,26.5,27.0,27.3,27.8,28.133333333333336,28.13333333333333,27.658333333333335,-0.8660254037844386,0.5000000000000001
11,27.2,27.6,28.0,28.0,28.4,28.2,28.5,27.7,27.5,27.0,26.5,27.0,27.3,27.866666666666664,28.116666666666664,27.641666666666666,-0.5000000000000004,0.8660254037844384
12,26.7,27.2,27.6,28.0,28.0,28.4,28.2,28.5,27.7,27.5,27.0,26.5,27.0,27.599999999999998,27.900000000000002,27.63333333333333,-2.4492935982947064e-16,1.0
1,27.0,26.7,27.2,27.6,28.0,28.0,28.4,28.2,28.5,27.7,27.5,27.0,26.5,27.166666666666668,27.649999999999995,27.608333333333334,0.49999999999999994,0.8660254037844387
2,27.3,27.0,26.7,27.2,27.6,28.0,28.0,28.4,28.2,28.5,27.7,27.5,27.0,26.96666666666667,27.416666666666668,27.650000000000002,0.8660254037844386,0.5000000000000001
3,28.2,27.3,27.0,26.7,27.2,27.6,28.0,28.0,28.4,28.2,28.5,27.7,27.5,27.0,27.3,27.674999999999997,1.0,6.123233995736766e-17
4,28.6,28.2,27.3,27.0,26.7,27.2,27.6,28.0,28.0,28.4,28.2,28.5,27.7,27.5,27.333333333333332,27.733333333333334,0.8660254037844387,-0.4999999999999998
5,28.9,28.6,28.2,27.3,27.0,26.7,27.2,27.6,28.0,28.0,28.4,28.2,28.5,28.03333333333333,27.5,27.808333333333334,0.49999999999999994,-0.8660254037844387
6,28.7,28.9,28.6,28.2,27.3,27.0,26.7,27.2,27.6,28.0,28.0,28.4,28.2,28.566666666666666,27.78333333333333,27.84166666666667,1.2246467991473532e-16,-1.0
7,28.4,28.7,28.9,28.6,28.2,27.3,27.0,26.7,27.2,27.6,28.0,28.0,28.4,28.733333333333334,28.11666666666667,27.883333333333336,-0.4999999999999997,-0.8660254037844388
8,28.5,28.4,28.7,28.9,28.6,28.2,27.3,27.0,26.7,27.2,27.6,28.0,28.0,28.666666666666668,28.349999999999998,27.88333333333333,-0.8660254037844385,-0.5000000000000004
9,28.1,28.5,28.4,28.7,28.9,28.6,28.2,27.3,27.0,26.7,27.2,27.6,28.0,28.53333333333333,28.549999999999997,27.924999999999997,-1.0,-1.8369701987210297e-16
10,28.7,28.1,28.5,28.4,28.7,28.9,28.6,28.2,27.3,27.0,26.7,27.2,27.6,28.333333333333332,28.533333333333335,27.933333333333334,-0.8660254037844386,0.5000000000000001
11,27.4,28.7,28.1,28.5,28.4,28.7,28.9,28.6,28.2,27.3,27.0,26.7,27.2,28.433333333333337,28.55,28.025000000000002,-0.5000000000000004,0.8660254037844384
12,27.2,27.4,28.7,28.1,28.5,28.4,28.7,28.9,28.6,28.2,27.3,27.0,26.7,28.066666666666666,28.3,28.041666666666668,-2.4492935982947064e-16,1.0
1,26.7,27.2,27.4,28.7,28.1,28.5,28.4,28.7,28.9,28.6,28.2,27.3,27.0,27.766666666666666,28.049999999999997,28.083333333333332,0.49999999999999994,0.8660254037844387
2,27.1,26.7,27.2,27.4,28.7,28.1,28.5,28.4,28.7,28.9,28.6,28.2,27.3,27.099999999999998,27.76666666666667,28.058333333333334,0.8660254037844386,0.5000000000000001
3,28.1,27.1,26.7,27.2,27.4,28.7,28.1,28.5,28.4,28.7,28.9,28.6,28.2,27.0,27.533333333333335,28.041666666666668,1.0,6.123233995736766e-17
4,27.9,28.1,27.1,26.7,27.2,27.4,28.7,28.1,28.5,28.4,28.7,28.9,28.6,27.3,27.53333333333333,28.03333333333333,0.8660254037844387,-0.4999999999999998
5,29.2,27.9,28.1,27.1,26.7,27.2,27.4,28.7,28.1,28.5,28.4,28.7,28.9,27.7,27.400000000000002,27.974999999999998,0.49999999999999994,-0.8660254037844387
6,28.9,29.2,27.9,28.1,27.1,26.7,27.2,27.4,28.7,28.1,28.5,28.4,28.7,28.400000000000002,27.7,28.0,1.2246467991473532e-16,-1.0
7,28.1,28.9,29.2,27.9,28.1,27.1,26.7,27.2,27.4,28.7,28.1,28.5,28.4,28.666666666666668,27.983333333333334,28.016666666666666,-0.4999999999999997,-0.8660254037844388
8,28.2,28.1,28.9,29.2,27.9,28.1,27.1,26.7,27.2,27.4,28.7,28.1,28.5,28.733333333333334,28.216666666666665,27.99166666666667,-0.8660254037844385,-0.5000000000000004
9,27.6,28.2,28.1,28.9,29.2,27.9,28.1,27.1,26.7,27.2,27.4,28.7,28.1,28.399999999999995,28.399999999999995,27.96666666666667,-1.0,-1.8369701987210297e-16
10,27.6,27.6,28.2,28.1,28.9,29.2,27.9,28.1,27.1,26.7,27.2,27.4,28.7,27.96666666666667,28.316666666666666,27.924999999999997,-0.8660254037844386,0.5000000000000001
11,27.1,27.6,27.6,28.2,28.1,28.9,29.2,27.9,28.1,27.1,26.7,27.2,27.4,27.8,28.266666666666666,27.833333333333332,-0.5000000000000004,0.8660254037844384
12,26.5,27.1,27.6,27.6,28.2,28.1,28.9,29.2,27.9,28.1,27.1,26.7,27.2,27.433333333333337,27.916666666666668,27.808333333333337,-2.4492935982947064e-16,1.0
1,26.9,26.5,27.1,27.6,27.6,28.2,28.1,28.9,29.2,27.9,28.1,27.1,26.7,27.066666666666666,27.516666666666666,27.75,0.49999999999999994,0.8660254037844387
2,27.6,26.9,26.5,27.1,27.6,27.6,28.2,28.1,28.9,29.2,27.9,28.1,27.1,26.833333333333332,27.316666666666666,27.766666666666666,0.8660254037844386,0.5000000000000001
3,27.7,27.6,26.9,26.5,27.1,27.6,27.6,28.2,28.1,28.9,29.2,27.9,28.1,27.0,27.216666666666665,27.808333333333337,1.0,6.123233995736766e-17
4,28.9,27.7,27.6,26.9,26.5,27.1,27.6,27.6,28.2,28.1,28.9,29.2,27.9,27.400000000000002,27.233333333333334,27.775000000000002,0.8660254037844387,-0.4999999999999998
5,28.9,28.9,27.7,27.6,26.9,26.5,27.1,27.6,27.6,28.2,28.1,28.9,29.2,28.066666666666666,27.45,27.858333333333334,0.49999999999999994,-0.8660254037844387
6,29.0,28.9,28.9,27.7,27.6,26.9,26.5,27.1,27.6,27.6,28.2,28.1,28.9,28.5,27.75,27.833333333333332,1.2246467991473532e-16,-1.0
7,27.3,29.0,28.9,28.9,27.7,27.6,26.9,26.5,27.1,27.6,27.6,28.2,28.1,28.933333333333334,28.166666666666668,27.84166666666667,-0.4999999999999997,-0.8660254037844388
8,28.3,27.3,29.0,28.9,28.9,27.7,27.6,26.9,26.5,27.1,27.6,27.6,28.2,28.400000000000002,28.233333333333334,27.774999999999995,-0.8660254037844385,-0.5000000000000004
9,27.8,28.3,27.3,29.0,28.9,28.9,27.7,27.6,26.9,26.5,27.1,27.6,27.6,28.2,28.349999999999998,27.78333333333333,-1.0,-1.8369701987210297e-16
10,27.8,27.8,28.3,27.3,29.0,28.9,28.9,27.7,27.6,26.9,26.5,27.1,27.6,27.8,28.366666666666664,27.8,-0.8660254037844386,0.5000000000000001
11,27.3,27.8,27.8,28.3,27.3,29.0,28.9,28.9,27.7,27.6,26.9,26.5,27.1,27.96666666666667,28.183333333333337,27.816666666666666,-0.5000000000000004,0.8660254037844384
12,26.8,27.3,27.8,27.8,28.3,27.3,29.0,28.9,28.9,27.7,27.6,26.9,26.5,27.633333333333336,27.916666666666668,27.833333333333332,-2.4492935982947064e-16,1.0
1,26.6,26.8,27.3,27.8,27.8,28.3,27.3,29.0,28.9,28.9,27.7,27.6,26.9,27.3,27.55,27.85833333333333,0.49999999999999994,0.8660254037844387
2,28.5,26.6,26.8,27.3,27.8,27.8,28.3,27.3,29.0,28.9,28.9,27.7,27.6,26.900000000000002,27.433333333333334,27.833333333333332,0.8660254037844386,0.5000000000000001
3,28.5,28.5,26.6,26.8,27.3,27.8,27.8,28.3,27.3,29.0,28.9,28.9,27.7,27.3,27.46666666666667,27.90833333333333,1.0,6.123233995736766e-17
4,28.7,28.5,28.5,26.6,26.8,27.3,27.8,27.8,28.3,27.3,29.0,28.9,28.9,27.86666666666667,27.583333333333332,27.974999999999998,0.8660254037844387,-0.4999999999999998
5,28.5,28.7,28.5,28.5,26.6,26.8,27.3,27.8,27.8,28.3,27.3,29.0,28.9,28.566666666666663,27.73333333333333,27.958333333333332,0.49999999999999994,-0.8660254037844387
6,28.8,28.5,28.7,28.5,28.5,26.6,26.8,27.3,27.8,27.8,28.3,27.3,29.0,28.566666666666663,27.933333333333337,27.924999999999997,1.2246467991473532e-16,-1.0
7,28.0,28.8,28.5,28.7,28.5,28.5,26.6,26.8,27.3,27.8,27.8,28.3,27.3,28.666666666666668,28.266666666666666,27.90833333333333,-0.4999999999999997,-0.8660254037844388
8,28.2,28.0,28.8,28.5,28.7,28.5,28.5,26.6,26.8,27.3,27.8,27.8,28.3,28.433333333333334,28.5,27.96666666666667,-0.8660254037844385,-0.5000000000000004
9,28.2,28.2,28.0,28.8,28.5,28.7,28.5,28.5,26.6,26.8,27.3,27.8,27.8,28.333333333333332,28.45,27.958333333333332,-1.0,-1.8369701987210297e-16
10,27.6,28.2,28.2,28.0,28.8,28.5,28.7,28.5,28.5,26.6,26.8,27.3,27.8,28.133333333333336,28.400000000000002,27.991666666666664,-0.8660254037844386,0.5000000000000001
11,27.3,27.6,28.2,28.2,28.0,28.8,28.5,28.7,28.5,28.5,26.6,26.8,27.3,28.0,28.216666666666665,27.974999999999998,-0.5000000000000004,0.8660254037844384
12,27.3,27.3,27.6,28.2,28.2,28.0,28.8,28.5,28.7,28.5,28.5,26.6,26.8,27.7,28.01666666666667,27.974999999999998,-2.4492935982947064e-16,1.0
1,26.5,27.3,27.3,27.6,28.2,28.2,28.0,28.8,28.5,28.7,28.5,28.5,26.6,27.400000000000002,27.766666666666666,28.01666666666667,0.49999999999999994,0.8660254037844387
2,27.5,26.5,27.3,27.3,27.6,28.2,28.2,28.0,28.8,28.5,28.7,28.5,28.5,27.033333333333335,27.516666666666666,28.008333333333336,0.8660254037844386,0.5000000000000001
3,28.3,27.5,26.5,27.3,27.3,27.6,28.2,28.2,28.0,28.8,28.5,28.7,28.5,27.099999999999998,27.399999999999995,27.925,1.0,6.123233995736766e-17
4,27.6,28.3,27.5,26.5,27.3,27.3,27.6,28.2,28.2,28.0,28.8,28.5,28.7,27.433333333333337,27.416666666666668,27.90833333333333,0.8660254037844387,-0.4999999999999998
5,28.1,27.6,28.3,27.5,26.5,27.3,27.3,27.6,28.2,28.2,28.0,28.8,28.5,27.8,27.416666666666668,27.816666666666666,0.49999999999999994,-0.8660254037844387
6,27.8,28.1,27.6,28.3,27.5,26.5,27.3,27.3,27.6,28.2,28.2,28.0,28.8,28.0,27.55,27.783333333333335,1.2246467991473532e-16,-1.0
7,28.4,27.8,28.1,27.6,28.3,27.5,26.5,27.3,27.3,27.6,28.2,28.2,28.0,27.833333333333332,27.633333333333336,27.700000000000003,-0.4999999999999997,-0.8660254037844388
8,28.3,28.4,27.8,28.1,27.6,28.3,27.5,26.5,27.3,27.3,27.6,28.2,28.2,28.099999999999998,27.950000000000003,27.733333333333334,-0.8660254037844385,-0.5000000000000004
9,28.0,28.3,28.4,27.8,28.1,27.6,28.3,27.5,26.5,27.3,27.3,27.6,28.2,28.166666666666668,28.083333333333332,27.74166666666667,-1.0,-1.8369701987210297e-16
10,28.3,28.0,28.3,28.4,27.8,28.1,27.6,28.3,27.5,26.5,27.3,27.3,27.6,28.233333333333334,28.03333333333333,27.725000000000005,-0.8660254037844386,0.5000000000000001
11,27.3,28.3,28.0,28.3,28.4,27.8,28.1,27.6,28.3,27.5,26.5,27.3,27.3,28.2,28.150000000000002,27.783333333333335,-0.5000000000000004,0.8660254037844384
12,26.6,27.3,28.3,28.0,28.3,28.4,27.8,28.1,27.6,28.3,27.5,26.5,27.3,27.866666666666664,28.01666666666667,27.78333333333333,-2.4492935982947064e-16,1.0
1,26.5,26.6,27.3,28.3,28.0,28.3,28.4,27.8,28.1,27.6,28.3,27.5,26.5,27.400000000000002,27.816666666666666,27.724999999999998,0.49999999999999994,0.8660254037844387
2,27.3,26.5,26.6,27.3,28.3,28.0,28.3,28.4,27.8,28.1,27.6,28.3,27.5,26.8,27.5,27.724999999999998,0.8660254037844386,0.5000000000000001
3,27.5,27.3,26.5,26.6,27.3,28.3,28.0,28.3,28.4,27.8,28.1,27.6,28.3,26.8,27.333333333333332,27.708333333333332,1.0,6.123233995736766e-17
4,28.1,27.5,27.3,26.5,26.6,27.3,28.3,28.0,28.3,28.4,27.8,28.1,27.6,27.099999999999998,27.25,27.64166666666667,0.8660254037844387,-0.4999999999999998
5,28.3,28.1,27.5,27.3,26.5,26.6,27.3,28.3,28.0,28.3,28.4,27.8,28.1,27.633333333333336,27.21666666666667,27.683333333333334,0.49999999999999994,-0.8660254037844387
6,28.4,28.3,28.1,27.5,27.3,26.5,26.6,27.3,28.3,28.0,28.3,28.4,27.8,27.96666666666667,27.383333333333336,27.7,1.2246467991473532e-16,-1.0
7,27.7,28.4,28.3,28.1,27.5,27.3,26.5,26.6,27.3,28.3,28.0,28.3,28.4,28.26666666666667,27.683333333333334,27.75,-0.4999999999999997,-0.8660254037844388
8,27.7,27.7,28.4,28.3,28.1,27.5,27.3,26.5,26.6,27.3,28.3,28.0,28.3,28.13333333333333,27.883333333333336,27.691666666666666,-0.8660254037844385,-0.5000000000000004
9,27.8,27.7,27.7,28.4,28.3,28.1,27.5,27.3,26.5,26.6,27.3,28.3,28.0,27.933333333333334,27.95,27.641666666666666,-1.0,-1.8369701987210297e-16
10,27.8,27.8,27.7,27.7,28.4,28.3,28.1,27.5,27.3,26.5,26.6,27.3,28.3,27.733333333333334,28.0,27.625,-0.8660254037844386,0.5000000000000001
11,26.9,27.8,27.8,27.7,27.7,28.4,28.3,28.1,27.5,27.3,26.5,26.6,27.3,27.766666666666666,27.95,27.583333333333332,-0.5000000000000004,0.8660254037844384
12,26.4,26.9,27.8,27.8,27.7,27.7,28.4,28.3,28.1,27.5,27.3,26.5,26.6,27.5,27.716666666666665,27.55,-2.4492935982947064e-16,1.0
1,26.8,26.4,26.9,27.8,27.8,27.7,27.7,28.4,28.3,28.1,27.5,27.3,26.5,27.03333333333333,27.383333333333336,27.53333333333333,0.49999999999999994,0.8660254037844387
2,26.7,26.8,26.4,26.9,27.8,27.8,27.7,27.7,28.4,28.3,28.1,27.5,27.3,26.7,27.23333333333333,27.558333333333334,0.8660254037844386,0.5000000000000001
3,26.5,26.7,26.8,26.4,26.9,27.8,27.8,27.7,27.7,28.4,28.3,28.1,27.5,26.633333333333336,27.066666666666666,27.50833333333333,1.0,6.123233995736766e-17
4,28.1,26.5,26.7,26.8,26.4,26.9,27.8,27.8,27.7,27.7,28.4,28.3,28.1,26.666666666666668,26.849999999999998,27.424999999999997,0.8660254037844387,-0.4999999999999998
5,28.8,28.1,26.5,26.7,26.8,26.4,26.9,27.8,27.8,27.7,27.7,28.4,28.3,27.100000000000005,26.900000000000002,27.425,0.49999999999999994,-0.8660254037844387
6,28.2,28.8,28.1,26.5,26.7,26.8,26.4,26.9,27.8,27.8,27.7,27.7,28.4,27.8,27.21666666666667,27.46666666666667,1.2246467991473532e-16,-1.0
7,27.8,28.2,28.8,28.1,26.5,26.7,26.8,26.4,26.9,27.8,27.8,27.7,27.7,28.366666666666664,27.516666666666666,27.45,-0.4999999999999997,-0.8660254037844388
8,27.4,27.8,28.2,28.8,28.1,26.5,26.7,26.8,26.4,26.9,27.8,27.8,27.7,28.266666666666666,27.683333333333337,27.458333333333332,-0.8660254037844385,-0.5000000000000004
9,27.7,27.4,27.8,28.2,28.8,28.1,26.5,26.7,26.8,26.4,26.9,27.8,27.8,27.8,27.799999999999997,27.433333333333334,-1.0,-1.8369701987210297e-16
10,27.6,27.7,27.4,27.8,28.2,28.8,28.1,26.5,26.7,26.8,26.4,26.9,27.8,27.633333333333336,28.0,27.424999999999997,-0.8660254037844386,0.5000000000000001
11,27.3,27.6,27.7,27.4,27.8,28.2,28.8,28.1,26.5,26.7,26.8,26.4,26.9,27.566666666666666,27.916666666666668,27.40833333333333,-0.5000000000000004,0.8660254037844384
12,26.9,27.3,27.6,27.7,27.4,27.8,28.2,28.8,28.1,26.5,26.7,26.8,26.4,27.53333333333333,27.666666666666668,27.441666666666666,-2.4492935982947064e-16,1.0
1,26.8,26.9,27.3,27.6,27.7,27.4,27.8,28.2,28.8,28.1,26.5,26.7,26.8,27.266666666666666,27.45,27.483333333333334,0.49999999999999994,0.8660254037844387
2,27.3,26.8,26.9,27.3,27.6,27.7,27.4,27.8,28.2,28.8,28.1,26.5,26.7,27.0,27.28333333333333,27.483333333333334,0.8660254037844386,0.5000000000000001
3,27.2,27.3,26.8,26.9,27.3,27.6,27.7,27.4,27.8,28.2,28.8,28.1,26.5,27.0,27.26666666666667,27.533333333333335,1.0,6.123233995736766e-17
4,28.5,27.2,27.3,26.8,26.9,27.3,27.6,27.7,27.4,27.8,28.2,28.8,28.1,27.099999999999998,27.183333333333334,27.59166666666667,0.8660254037844387,-0.4999999999999998
5,28.7,28.5,27.2,27.3,26.8,26.9,27.3,27.6,27.7,27.4,27.8,28.2,28.8,27.666666666666668,27.333333333333332,27.625,0.49999999999999994,-0.8660254037844387
6,29.1,28.7,28.5,27.2,27.3,26.8,26.9,27.3,27.6,27.7,27.4,27.8,28.2,28.133333333333336,27.566666666666663,27.616666666666664,1.2246467991473532e-16,-1.0
7,28.3,29.1,28.7,28.5,27.2,27.3,26.8,26.9,27.3,27.6,27.7,27.4,27.8,28.766666666666666,27.933333333333337,27.691666666666666,-0.4999999999999997,-0.8660254037844388
8,28.3,28.3,29.1,28.7,28.5,27.2,27.3,26.8,26.9,27.3,27.6,27.7,27.4,28.7,28.183333333333334,27.733333333333334,-0.8660254037844385,-0.5000000000000004
9,28.3,28.3,28.3,29.1,28.7,28.5,27.2,27.3,26.8,26.9,27.3,27.6,27.7,28.566666666666666,28.349999999999998,27.808333333333334,-1.0,-1.8369701987210297e-16
10,28.2,28.3,28.3,28.3,29.1,28.7,28.5,27.2,27.3,26.8,26.9,27.3,27.6,28.3,28.53333333333333,27.858333333333334,-0.8660254037844386,0.5000000000000001
11,27.2,28.2,28.3,28.3,28.3,29.1,28.7,28.5,27.2,27.3,26.8,26.9,27.3,28.266666666666666,28.483333333333334,27.90833333333333,-0.5000000000000004,0.8660254037844384
12,27.1,27.2,28.2,28.3,28.3,28.3,29.1,28.7,28.5,27.2,27.3,26.8,26.9,27.900000000000002,28.233333333333334,27.900000000000002,-2.4492935982947064e-16,1.0
1,27.5,27.1,27.2,28.2,28.3,28.3,28.3,29.1,28.7,28.5,27.2,27.3,26.8,27.5,27.899999999999995,27.916666666666668,0.49999999999999994,0.8660254037844387
2,28.9,27.5,27.1,27.2,28.2,28.3,28.3,28.3,29.1,28.7,28.5,27.2,27.3,27.266666666666666,27.76666666666667,27.974999999999998,0.8660254037844386,0.5000000000000001
3,28.6,28.9,27.5,27.1,27.2,28.2,28.3,28.3,28.3,29.1,28.7,28.5,27.2,27.833333333333332,27.866666666666664,28.108333333333334,1.0,6.123233995736766e-17
4,28.6,28.6,28.9,27.5,27.1,27.2,28.2,28.3,28.3,28.3,29.1,28.7,28.5,28.333333333333332,27.916666666666668,28.224999999999998,0.8660254037844387,-0.4999999999999998
5,29.2,28.6,28.6,28.9,27.5,27.1,27.2,28.2,28.3,28.3,28.3,29.1,28.7,28.7,27.983333333333334,28.233333333333334,0.49999999999999994,-0.8660254037844387
6,28.3,29.2,28.6,28.6,28.9,27.5,27.1,27.2,28.2,28.3,28.3,28.3,29.1,28.8,28.316666666666666,28.275000000000002,1.2246467991473532e-16,-1.0
7,27.7,28.3,29.2,28.6,28.6,28.9,27.5,27.1,27.2,28.2,28.3,28.3,28.3,28.7,28.51666666666667,28.208333333333332,-0.4999999999999997,-0.8660254037844388
8,27.9,27.7,28.3,29.2,28.6,28.6,28.9,27.5,27.1,27.2,28.2,28.3,28.3,28.400000000000002,28.55,28.15833333333333,-0.8660254037844385,-0.5000000000000004
9,28.0,27.9,27.7,28.3,29.2,28.6,28.6,28.9,27.5,27.1,27.2,28.2,28.3,27.966666666666665,28.383333333333336,28.125,-1.0,-1.8369701987210297e-16
10,28.3,28.0,27.9,27.7,28.3,29.2,28.6,28.6,28.9,27.5,27.1,27.2,28.2,27.866666666666664,28.28333333333333,28.099999999999998,-0.8660254037844386,0.5000000000000001
11,27.4,28.3,28.0,27.9,27.7,28.3,29.2,28.6,28.6,28.9,27.5,27.1,27.2,28.066666666666663,28.23333333333333,28.108333333333334,-0.5000000000000004,0.8660254037844384
12,26.8,27.4,28.3,28.0,27.9,27.7,28.3,29.2,28.6,28.6,28.9,27.5,27.1,27.900000000000002,27.933333333333334,28.125,-2.4492935982947064e-16,1.0
1,26.3,26.8,27.4,28.3,28.0,27.9,27.7,28.3,29.2,28.6,28.6,28.9,27.5,27.5,27.683333333333334,28.099999999999998,0.49999999999999994,0.8660254037844387
2,27.3,26.3,26.8,27.4,28.3,28.0,27.9,27.7,28.3,29.2,28.6,28.6,28.9,26.833333333333332,27.45,28.0,0.8660254037844386,0.5000000000000001
3,27.1,27.3,26.3,26.8,27.4,28.3,28.0,27.9,27.7,28.3,29.2,28.6,28.6,26.8,27.349999999999998,27.866666666666664,1.0,6.123233995736766e-17
4,27.9,27.1,27.3,26.3,26.8,27.4,28.3,28.0,27.9,27.7,28.3,29.2,28.6,26.900000000000002,27.2,27.74166666666667,0.8660254037844387,-0.4999999999999998
5,28.5,27.9,27.1,27.3,26.3,26.8,27.4,28.3,28.0,27.9,27.7,28.3,29.2,27.433333333333334,27.13333333333333,27.683333333333334,0.49999999999999994,-0.8660254037844387
6,28.4,28.5,27.9,27.1,27.3,26.3,26.8,27.4,28.3,28.0,27.9,27.7,28.3,27.833333333333332,27.316666666666666,27.625,1.2246467991473532e-16,-1.0
7,28.7,28.4,28.5,27.9,27.1,27.3,26.3,26.8,27.4,28.3,28.0,27.9,27.7,28.266666666666666,27.583333333333332,27.63333333333333,-0.4999999999999997,-0.8660254037844388
8,27.9,28.7,28.4,28.5,27.9,27.1,27.3,26.3,26.8,27.4,28.3,28.0,27.9,28.53333333333333,27.98333333333333,27.71666666666667,-0.8660254037844385,-0.5000000000000004
9,27.8,27.9,28.7,28.4,28.5,27.9,27.1,27.3,26.3,26.8,27.4,28.3,28.0,28.333333333333332,28.083333333333332,27.71666666666667,-1.0,-1.8369701987210297e-16
10,27.3,27.8,27.9,28.7,28.4,28.5,27.9,27.1,27.3,26.3,26.8,27.4,28.3,28.13333333333333,28.200000000000003,27.700000000000003,-0.8660254037844386,0.5000000000000001
11,27.1,27.3,27.8,27.9,28.7,28.4,28.5,27.9,27.1,27.3,26.3,26.8,27.4,27.666666666666668,28.099999999999998,27.61666666666667,-0.5000000000000004,0.8660254037844384
12,26.6,27.1,27.3,27.8,27.9,28.7,28.4,28.5,27.9,27.1,27.3,26.3,26.8,27.400000000000002,27.866666666666664,27.591666666666665,-2.4492935982947064e-16,1.0
1,26.7,26.6,27.1,27.3,27.8,27.9,28.7,28.4,28.5,27.9,27.1,27.3,26.3,27.0,27.566666666666666,27.575000000000003,0.49999999999999994,0.8660254037844387
2,27.2,26.7,26.6,27.1,27.3,27.8,27.9,28.7,28.4,28.5,27.9,27.1,27.3,26.8,27.233333333333334,27.608333333333334,0.8660254037844386,0.5000000000000001
3,27.0,27.2,26.7,26.6,27.1,27.3,27.8,27.9,28.7,28.4,28.5,27.9,27.1,26.833333333333332,27.116666666666664,27.599999999999998,1.0,6.123233995736766e-17
4,27.6,27.0,27.2,26.7,26.6,27.1,27.3,27.8,27.9,28.7,28.4,28.5,27.9,26.96666666666667,26.98333333333333,27.591666666666665,0.8660254037844387,-0.4999999999999998
5,28.2,27.6,27.0,27.2,26.7,26.6,27.1,27.3,27.8,27.9,28.7,28.4,28.5,27.266666666666666,27.033333333333335,27.566666666666666,0.49999999999999994,-0.8660254037844387
6,28.7,28.2,27.6,27.0,27.2,26.7,26.6,27.1,27.3,27.8,27.9,28.7,28.4,27.599999999999998,27.21666666666667,27.541666666666668,1.2246467991473532e-16,-1.0
7,27.7,28.7,28.2,27.6,27.0,27.2,26.7,26.6,27.1,27.3,27.8,27.9,28.7,28.166666666666668,27.566666666666663,27.566666666666666,-0.4999999999999997,-0.8660254037844388
8,27.9,27.7,28.7,28.2,27.6,27.0,27.2,26.7,26.6,27.1,27.3,27.8,27.9,28.2,27.733333333333334,27.48333333333333,-0.8660254037844385,-0.5000000000000004
9,27.9,27.9,27.7,28.7,28.2,27.6,27.0,27.2,26.7,26.6,27.1,27.3,27.8,28.099999999999998,27.849999999999998,27.483333333333334,-1.0,-1.8369701987210297e-16
10,27.7,27.9,27.9,27.7,28.7,28.2,27.6,27.0,27.2,26.7,26.6,27.1,27.3,27.833333333333332,28.0,27.491666666666664,-0.8660254037844386,0.5000000000000001
11,27.1,27.7,27.9,27.9,27.7,28.7,28.2,27.6,27.0,27.2,26.7,26.6,27.1,27.833333333333332,28.016666666666666,27.524999999999995,-0.5000000000000004,0.8660254037844384
12,26.7,27.1,27.7,27.9,27.9,27.7,28.7,28.2,27.6,27.0,27.2,26.7,26.6,27.566666666666666,27.833333333333332,27.525000000000002,-2.4492935982947064e-16,1.0
1,27.1,26.7,27.1,27.7,27.9,27.9,27.7,28.7,28.2,27.6,27.0,27.2,26.7,27.166666666666668,27.5,27.53333333333333,0.49999999999999994,0.8660254037844387
2,26.5,27.1,26.7,27.1,27.7,27.9,27.9,27.7,28.7,28.2,27.6,27.0,27.2,26.96666666666667,27.400000000000002,27.566666666666666,0.8660254037844386,0.5000000000000001
3,28.3,26.5,27.1,26.7,27.1,27.7,27.9,27.9,27.7,28.7,28.2,27.6,27.0,26.766666666666666,27.166666666666668,27.508333333333336,1.0,6.123233995736766e-17
4,28.2,28.3,26.5,27.1,26.7,27.1,27.7,27.9,27.9,27.7,28.7,28.2,27.6,27.3,27.233333333333334,27.61666666666667,0.8660254037844387,-0.4999999999999998
5,28.2,28.2,28.3,26.5,27.1,26.7,27.1,27.7,27.9,27.9,27.7,28.7,28.2,27.666666666666668,27.316666666666666,27.666666666666668,0.49999999999999994,-0.8660254037844387
6,29.0,28.2,28.2,28.3,26.5,27.1,26.7,27.1,27.7,27.9,27.9,27.7,28.7,28.233333333333334,27.5,27.666666666666668,1.2246467991473532e-16,-1.0
7,27.8,29.0,28.2,28.2,28.3,26.5,27.1,26.7,27.1,27.7,27.9,27.9,27.7,28.46666666666667,27.883333333333336,27.691666666666666,-0.4999999999999997,-0.8660254037844388
8,27.9,27.8,29.0,28.2,28.2,28.3,26.5,27.1,26.7,27.1,27.7,27.9,27.9,28.333333333333332,28.0,27.700000000000003,-0.8660254037844385,-0.5000000000000004
9,27.5,27.9,27.8,29.0,28.2,28.2,28.3,26.5,27.1,26.7,27.1,27.7,27.9,28.233333333333334,28.23333333333333,27.7,-1.0,-1.8369701987210297e-16
10,27.7,27.5,27.9,27.8,29.0,28.2,28.2,28.3,26.5,27.1,26.7,27.1,27.7,27.733333333333334,28.099999999999998,27.666666666666668,-0.8660254037844386,0.5000000000000001
11,27.1,27.7,27.5,27.9,27.8,29.0,28.2,28.2,28.3,26.5,27.1,26.7,27.1,27.7,28.016666666666666,27.666666666666668,-0.5000000000000004,0.8660254037844384
12,26.5,27.1,27.7,27.5,27.9,27.8,29.0,28.2,28.2,28.3,26.5,27.1,26.7,27.433333333333334,27.833333333333332,27.666666666666668,-2.4492935982947064e-16,1.0
1,26.2,26.5,27.1,27.7,27.5,27.9,27.8,29.0,28.2,28.2,28.3,26.5,27.1,27.099999999999998,27.416666666666668,27.650000000000002,0.49999999999999994,0.8660254037844387
2,27.2,26.2,26.5,27.1,27.7,27.5,27.9,27.8,29.0,28.2,28.2,28.3,26.5,26.599999999999998,27.149999999999995,27.575,0.8660254037844386,0.5000000000000001
3,27.9,27.2,26.2,26.5,27.1,27.7,27.5,27.9,27.8,29.0,28.2,28.2,28.3,26.633333333333336,27.033333333333335,27.63333333333333,1.0,6.123233995736766e-17
4,28.2,27.9,27.2,26.2,26.5,27.1,27.7,27.5,27.9,27.8,29.0,28.2,28.2,27.099999999999998,27.100000000000005,27.599999999999998,0.8660254037844387,-0.4999999999999998
5,28.6,28.2,27.9,27.2,26.2,26.5,27.1,27.7,27.5,27.9,27.8,29.0,28.2,27.766666666666666,27.183333333333334,27.599999999999998,0.49999999999999994,-0.8660254037844387
6,29.0,28.6,28.2,27.9,27.2,26.2,26.5,27.1,27.7,27.5,27.9,27.8,29.0,28.233333333333334,27.433333333333334,27.633333333333336,1.2246467991473532e-16,-1.0
7,28.7,29.0,28.6,28.2,27.9,27.2,26.2,26.5,27.1,27.7,27.5,27.9,27.8,28.599999999999998,27.849999999999998,27.633333333333336,-0.4999999999999997,-0.8660254037844388
8,27.7,28.7,29.0,28.6,28.2,27.9,27.2,26.2,26.5,27.1,27.7,27.5,27.9,28.766666666666666,28.26666666666667,27.708333333333332,-0.8660254037844385,-0.5000000000000004
9,28.5,27.7,28.7,29.0,28.6,28.2,27.9,27.2,26.2,26.5,27.1,27.7,27.5,28.46666666666667,28.349999999999998,27.691666666666666,-1.0,-1.8369701987210297e-16
10,28.4,28.5,27.7,28.7,29.0,28.6,28.2,27.9,27.2,26.2,26.5,27.1,27.7,28.3,28.45,27.775000000000002,-0.8660254037844386,0.5000000000000001
11,27.5,28.4,28.5,27.7,28.7,29.0,28.6,28.2,27.9,27.2,26.2,26.5,27.1,28.2,28.483333333333334,27.833333333333332,-0.5000000000000004,0.8660254037844384
12,27.0,27.5,28.4,28.5,27.7,28.7,29.0,28.6,28.2,27.9,27.2,26.2,26.5,28.13333333333333,28.3,27.866666666666664,-2.4492935982947064e-16,1.0
1,26.9,27.0,27.5,28.4,28.5,27.7,28.7,29.0,28.6,28.2,27.9,27.2,26.2,27.63333333333333,27.96666666666667,27.90833333333333,0.49999999999999994,0.8660254037844387
2,27.0,26.9,27.0,27.5,28.4,28.5,27.7,28.7,29.0,28.6,28.2,27.9,27.2,27.133333333333336,27.666666666666668,27.96666666666667,0.8660254037844386,0.5000000000000001
3,28.2,27.0,26.9,27.0,27.5,28.4,28.5,27.7,28.7,29.0,28.6,28.2,27.9,26.96666666666667,27.549999999999997,27.950000000000003,1.0,6.123233995736766e-17
4,28.6,28.2,27.0,26.9,27.0,27.5,28.4,28.5,27.7,28.7,29.0,28.6,28.2,27.366666666666664,27.5,27.974999999999998,0.8660254037844387,-0.4999999999999998
5,28.7,28.6,28.2,27.0,26.9,27.0,27.5,28.4,28.5,27.7,28.7,29.0,28.6,27.933333333333334,27.53333333333333,28.008333333333336,0.49999999999999994,-0.8660254037844387
6,29.0,28.7,28.6,28.2,27.0,26.9,27.0,27.5,28.4,28.5,27.7,28.7,29.0,28.5,27.73333333333333,28.016666666666666,1.2246467991473532e-16,-1.0
7,29.1,29.0,28.7,28.6,28.2,27.0,26.9,27.0,27.5,28.4,28.5,27.7,28.7,28.766666666666666,28.066666666666663,28.016666666666666,-0.4999999999999997,-0.8660254037844388
8,28.4,29.1,29.0,28.7,28.6,28.2,27.0,26.9,27.0,27.5,28.4,28.5,27.7,28.933333333333334,28.433333333333337,28.049999999999997,-0.8660254037844385,-0.5000000000000004
9,28.7,28.4,29.1,29.0,28.7,28.6,28.2,27.0,26.9,27.0,27.5,28.4,28.5,28.833333333333332,28.666666666666668,28.108333333333334,-1.0,-1.8369701987210297e-16
10,28.7,28.7,28.4,29.1,29.0,28.7,28.6,28.2,27.0,26.9,27.0,27.5,28.4,28.73333333333333,28.75,28.125,-0.8660254037844386,0.5000000000000001
11,28.0,28.7,28.7,28.4,29.1,29.0,28.7,28.6,28.2,27.0,26.9,27.0,27.5,28.599999999999998,28.766666666666666,28.150000000000002,-0.5000000000000004,0.8660254037844384
12,27.7,28.0,28.7,28.7,28.4,29.1,29.0,28.7,28.6,28.2,27.0,26.9,27.0,28.466666666666665,28.650000000000002,28.191666666666666,-2.4492935982947064e-16,1.0
1,28.3,27.7,28.0,28.7,28.7,28.4,29.1,29.0,28.7,28.6,28.2,27.0,26.9,28.133333333333336,28.433333333333337,28.25,0.49999999999999994,0.8660254037844387
2,27.8,28.3,27.7,28.0,28.7,28.7,28.4,29.1,29.0,28.7,28.6,28.2,27.0,28.0,28.299999999999997,28.366666666666664,0.8660254037844386,0.5000000000000001
3,29.0,27.8,28.3,27.7,28.0,28.7,28.7,28.4,29.1,29.0,28.7,28.6,28.2,27.933333333333334,28.200000000000003,28.433333333333334,1.0,6.123233995736766e-17
4,29.4,29.0,27.8,28.3,27.7,28.0,28.7,28.7,28.4,29.1,29.0,28.7,28.6,28.366666666666664,28.25,28.5,0.8660254037844387,-0.4999999999999998
5,29.3,29.4,29.0,27.8,28.3,27.7,28.0,28.7,28.7,28.4,29.1,29.0,28.7,28.733333333333334,28.366666666666664,28.566666666666663,0.49999999999999994,-0.8660254037844387
6,28.5,29.3,29.4,29.0,27.8,28.3,27.7,28.0,28.7,28.7,28.4,29.1,29.0,29.233333333333334,28.583333333333332,28.616666666666664,1.2246467991473532e-16,-1.0
7,28.4,28.5,29.3,29.4,29.0,27.8,28.3,27.7,28.0,28.7,28.7,28.4,29.1,29.066666666666666,28.71666666666667,28.575,-0.4999999999999997,-0.8660254037844388
8,28.9,28.4,28.5,29.3,29.4,29.0,27.8,28.3,27.7,28.0,28.7,28.7,28.4,28.733333333333334,28.733333333333334,28.516666666666666,-0.8660254037844385,-0.5000000000000004
9,28.3,28.9,28.4,28.5,29.3,29.4,29.0,27.8,28.3,27.7,28.0,28.7,28.7,28.599999999999998,28.916666666666668,28.558333333333334,-1.0,-1.8369701987210297e-16
10,28.3,28.3,28.9,28.4,28.5,29.3,29.4,29.0,27.8,28.3,27.7,28.0,28.7,28.53333333333333,28.799999999999997,28.525000000000002,-0.8660254037844386,0.5000000000000001
11,27.4,28.3,28.3,28.9,28.4,28.5,29.3,29.4,29.0,27.8,28.3,27.7,28.0,28.5,28.616666666666664,28.491666666666664,-0.5000000000000004,0.8660254037844384
12,27.4,27.4,28.3,28.3,28.9,28.4,28.5,29.3,29.4,29.0,27.8,28.3,27.7,28.0,28.3,28.441666666666666,-2.4492935982947064e-16,1.0
1,26.9,27.4,27.4,28.3,28.3,28.9,28.4,28.5,29.3,29.4,29.0,27.8,28.3,27.7,28.116666666666664,28.416666666666668,0.49999999999999994,0.8660254037844387
2,26.9,26.9,27.4,27.4,28.3,28.3,28.9,28.4,28.5,29.3,29.4,29.0,27.8,27.233333333333334,27.866666666666664,28.3,0.8660254037844386,0.5000000000000001
3,27.4,26.9,26.9,27.4,27.4,28.3,28.3,28.9,28.4,28.5,29.3,29.4,29.0,27.066666666666663,27.53333333333333,28.224999999999998,1.0,6.123233995736766e-17
4,27.8,27.4,26.9,26.9,27.4,27.4,28.3,28.3,28.9,28.4,28.5,29.3,29.4,27.066666666666666,27.383333333333336,28.091666666666665,0.8660254037844387,-0.4999999999999998
5,28.5,27.8,27.4,26.9,26.9,27.4,27.4,28.3,28.3,28.9,28.4,28.5,29.3,27.366666666666664,27.299999999999997,27.958333333333332,0.49999999999999994,-0.8660254037844387
6,28.5,28.5,27.8,27.4,26.9,26.9,27.4,27.4,28.3,28.3,28.9,28.4,28.5,27.900000000000002,27.48333333333333,27.891666666666666,1.2246467991473532e-16,-1.0
7,28.3,28.5,28.5,27.8,27.4,26.9,26.9,27.4,27.4,28.3,28.3,28.9,28.4,28.266666666666666,27.666666666666668,27.891666666666666,-0.4999999999999997,-0.8660254037844388
8,28.1,28.3,28.5,28.5,27.8,27.4,26.9,26.9,27.4,27.4,28.3,28.3,28.9,28.433333333333334,27.900000000000002,27.883333333333336,-0.8660254037844385,-0.5000000000000004
9,28.0,28.1,28.3,28.5,28.5,27.8,27.4,26.9,26.9,27.4,27.4,28.3,28.3,28.3,28.099999999999998,27.816666666666666,-1.0,-1.8369701987210297e-16
10,27.9,28.0,28.1,28.3,28.5,28.5,27.8,27.4,26.9,26.9,27.4,27.4,28.3,28.133333333333336,28.2,27.791666666666668,-0.8660254037844386,0.5000000000000001
11,27.1,27.9,28.0,28.1,28.3,28.5,28.5,27.8,27.4,26.9,26.9,27.4,27.4,28.0,28.21666666666667,27.758333333333336,-0.5000000000000004,0.8660254037844384
12,27.0,27.1,27.9,28.0,28.1,28.3,28.5,28.5,27.8,27.4,26.9,26.9,27.4,27.666666666666668,27.983333333333334,27.733333333333334,-2.4492935982947064e-16,1.0
1,26.1,27.0,27.1,27.9,28.0,28.1,28.3,28.5,28.5,27.8,27.4,26.9,26.9,27.333333333333332,27.733333333333334,27.700000000000003,0.49999999999999994,0.8660254037844387
2,27.2,26.1,27.0,27.1,27.9,28.0,28.1,28.3,28.5,28.5,27.8,27.4,26.9,26.733333333333334,27.366666666666664,27.63333333333333,0.8660254037844386,0.5000000000000001
3,28.0,27.2,26.1,27.0,27.1,27.9,28.0,28.1,28.3,28.5,28.5,27.8,27.4,26.766666666666666,27.21666666666667,27.65833333333333,1.0,6.123233995736766e-17
4,28.5,28.0,27.2,26.1,27.0,27.1,27.9,28.0,28.1,28.3,28.5,28.5,27.8,27.099999999999998,27.21666666666667,27.708333333333332,0.8660254037844387,-0.4999999999999998
5,28.7,28.5,28.0,27.2,26.1,27.0,27.1,27.9,28.0,28.1,28.3,28.5,28.5,27.900000000000002,27.316666666666666,27.766666666666666,0.49999999999999994,-0.8660254037844387
6,28.4,28.7,28.5,28.0,27.2,26.1,27.0,27.1,27.9,28.0,28.1,28.3,28.5,28.400000000000002,27.583333333333332,27.783333333333335,1.2246467991473532e-16,-1.0
7,28.5,28.4,28.7,28.5,28.0,27.2,26.1,27.0,27.1,27.9,28.0,28.1,28.3,28.53333333333333,27.816666666666666,27.775000000000002,-0.4999999999999997,-0.8660254037844388
8,28.5,28.5,28.4,28.7,28.5,28.0,27.2,26.1,27.0,27.1,27.9,28.0,28.1,28.53333333333333,28.21666666666667,27.791666666666668,-0.8660254037844385,-0.5000000000000004
9,28.0,28.5,28.5,28.4,28.7,28.5,28.0,27.2,26.1,27.0,27.1,27.9,28.0,28.466666666666665,28.433333333333334,27.825,-1.0,-1.8369701987210297e-16
10,27.9,28.0,28.5,28.5,28.4,28.7,28.5,28.0,27.2,26.1,27.0,27.1,27.9,28.333333333333332,28.433333333333334,27.825,-0.8660254037844386,0.5000000000000001
11,27.3,27.9,28.0,28.5,28.5,28.4,28.7,28.5,28.0,27.2,26.1,27.0,27.1,28.133333333333336,28.333333333333332,27.825,-0.5000000000000004,0.8660254037844384
12,27.6,27.3,27.9,28.0,28.5,28.5,28.4,28.7,28.5,28.0,27.2,26.1,27.0,27.733333333333334,28.099999999999998,27.841666666666665,-2.4492935982947064e-16,1.0
1,28.0,27.6,27.3,27.9,28.0,28.5,28.5,28.4,28.7,28.5,28.0,27.2,26.1,27.600000000000005,27.96666666666667,27.891666666666666,0.49999999999999994,0.8660254037844387
2,28.2,28.0,27.6,27.3,27.9,28.0,28.5,28.5,28.4,28.7,28.5,28.0,27.2,27.633333333333336,27.883333333333336,28.05,0.8660254037844386,0.5000000000000001
3,28.7,28.2,28.0,27.6,27.3,27.9,28.0,28.5,28.5,28.4,28.7,28.5,28.0,27.933333333333334,27.833333333333332,28.133333333333336,1.0,6.123233995736766e-17
4,28.6,28.7,28.2,28.0,27.6,27.3,27.9,28.0,28.5,28.5,28.4,28.7,28.5,28.3,27.95,28.191666666666666,0.8660254037844387,-0.4999999999999998
5,29.3,28.6,28.7,28.2,28.0,27.6,27.3,27.9,28.0,28.5,28.5,28.4,28.7,28.5,28.066666666666663,28.200000000000003,0.49999999999999994,-0.8660254037844387
6,28.4,29.3,28.6,28.7,28.2,28.0,27.6,27.3,27.9,28.0,28.5,28.5,28.4,28.866666666666664,28.400000000000002,28.25,1.2246467991473532e-16,-1.0
7,29.0,28.4,29.3,28.6,28.7,28.2,28.0,27.6,27.3,27.9,28.0,28.5,28.5,28.766666666666666,28.533333333333335,28.25,-0.4999999999999997,-0.8660254037844388
8,29.1,29.0,28.4,29.3,28.6,28.7,28.2,28.0,27.6,27.3,27.9,28.0,28.5,28.900000000000002,28.7,28.291666666666668,-0.8660254037844385,-0.5000000000000004
9,29.0,29.1,29.0,28.4,29.3,28.6,28.7,28.2,28.0,27.6,27.3,27.9,28.0,28.833333333333332,28.849999999999998,28.34166666666667,-1.0,-1.8369701987210297e-16
10,28.1,29.0,29.1,29.0,28.4,29.3,28.6,28.7,28.2,28.0,27.6,27.3,27.9,29.03333333333333,28.900000000000002,28.425,-0.8660254037844386,0.5000000000000001
11,28.0,28.1,29.0,29.1,29.0,28.4,29.3,28.6,28.7,28.2,28.0,27.6,27.3,28.733333333333334,28.816666666666666,28.441666666666666,-0.5000000000000004,0.8660254037844384
12,26.7,28.0,28.1,29.0,29.1,29.0,28.4,29.3,28.6,28.7,28.2,28.0,27.6,28.36666666666667,28.599999999999998,28.5,-2.4492935982947064e-16,1.0
1,27.7,26.7,28.0,28.1,29.0,29.1,29.0,28.4,29.3,28.6,28.7,28.2,28.0,27.600000000000005,28.316666666666666,28.424999999999997,0.49999999999999994,0.8660254037844387
2,27.9,27.7,26.7,28.0,28.1,29.0,29.1,29.0,28.4,29.3,28.6,28.7,28.2,27.466666666666665,28.099999999999998,28.400000000000002,0.8660254037844386,0.5000000000000001
3,28.6,27.9,27.7,26.7,28.0,28.1,29.0,29.1,29.0,28.4,29.3,28.6,28.7,27.433333333333334,27.900000000000002,28.375,1.0,6.123233995736766e-17
4,28.9,28.6,27.9,27.7,26.7,28.0,28.1,29.0,29.1,29.0,28.4,29.3,28.6,28.066666666666666,27.833333333333332,28.36666666666667,0.8660254037844387,-0.4999999999999998
5,28.9,28.9,28.6,27.9,27.7,26.7,28.0,28.1,29.0,29.1,29.0,28.4,29.3,28.466666666666665,27.96666666666667,28.391666666666666,0.49999999999999994,-0.8660254037844387
6,28.1,28.9,28.9,28.6,27.9,27.7,26.7,28.0,28.1,29.0,29.1,29.0,28.4,28.8,28.11666666666667,28.35833333333333,1.2246467991473532e-16,-1.0
